"resp_id";"set_id";"screen_1";"storage_1";"price_1";"screen_2";"storage_2";"price_2";"screen_3";"storage_3";"price_3";"selected";"rejected";"age";"gender"
1;1;12.9;128;599;9.7;64;399;10.5;512;799;3;2;51;"Male"
1;2;9.7;256;599;10.5;128;399;12.9;512;949;2;1;51;"Male"
1;3;12.9;128;799;10.5;512;949;9.7;64;599;2;3;51;"Male"
1;4;9.7;512;399;12.9;256;949;10.5;64;799;1;3;51;"Male"
1;5;9.7;128;799;12.9;256;599;10.5;512;399;2;1;51;"Male"
2;1;9.7;128;949;12.9;64;399;10.5;512;599;3;1;33;"Female"
2;2;9.7;128;399;10.5;256;799;12.9;512;949;2;3;33;"Female"
2;3;10.5;64;399;9.7;256;599;12.9;512;949;3;2;33;"Female"
2;4;9.7;64;599;12.9;256;799;10.5;512;949;3;1;33;"Female"
2;5;12.9;512;399;9.7;256;949;10.5;128;599;1;2;33;"Female"
3;1;12.9;512;949;10.5;128;799;9.7;256;399;1;2;33;"Male"
3;2;9.7;512;949;12.9;256;399;10.5;64;799;2;1;33;"Male"
3;3;12.9;512;599;10.5;256;949;9.7;128;799;2;3;33;"Male"
3;4;12.9;64;949;10.5;512;799;9.7;128;599;2;1;33;"Male"
3;5;9.7;128;399;12.9;256;949;10.5;64;799;2;1;33;"Male"
4;1;9.7;64;949;10.5;256;799;12.9;128;399;3;1;34;"Female"
4;2;9.7;64;949;10.5;128;799;12.9;256;399;3;1;34;"Female"
4;3;10.5;128;949;9.7;512;599;12.9;64;799;2;3;34;"Female"
4;4;10.5;64;399;9.7;128;949;12.9;512;799;3;2;34;"Female"
4;5;10.5;256;799;12.9;128;949;9.7;64;399;1;3;34;"Female"
5;1;12.9;64;799;9.7;256;599;10.5;128;399;3;1;44;"Male"
5;2;10.5;256;949;9.7;512;399;12.9;64;799;1;3;44;"Male"
5;3;10.5;512;799;12.9;128;399;9.7;64;949;1;3;44;"Male"
5;4;10.5;256;949;9.7;64;599;12.9;128;799;1;2;44;"Male"
5;5;12.9;128;599;10.5;512;949;9.7;256;399;2;1;44;"Male"
6;1;12.9;64;949;9.7;512;799;10.5;256;399;3;2;35;"Male"
6;2;9.7;512;599;10.5;64;399;12.9;256;799;3;1;35;"Male"
6;3;9.7;256;949;10.5;64;799;12.9;128;599;3;2;35;"Male"
6;4;9.7;128;399;12.9;256;599;10.5;512;799;3;1;35;"Male"
6;5;9.7;512;399;10.5;128;799;12.9;64;949;2;3;35;"Male"
7;1;9.7;64;599;12.9;256;799;10.5;512;399;2;1;48;"Male"
7;2;10.5;64;399;9.7;128;599;12.9;256;799;3;2;48;"Male"
7;3;10.5;64;399;12.9;512;799;9.7;256;599;2;3;48;"Male"
7;4;10.5;512;399;12.9;64;599;9.7;256;949;1;3;48;"Male"
7;5;9.7;512;599;12.9;128;799;10.5;64;399;3;1;48;"Male"
8;1;9.7;64;799;10.5;512;949;12.9;128;599;2;1;47;"Male"
8;2;12.9;64;799;10.5;256;599;9.7;128;949;2;1;47;"Male"
8;3;10.5;512;949;12.9;256;599;9.7;64;399;1;2;47;"Male"
8;4;9.7;256;599;12.9;512;799;10.5;128;949;2;1;47;"Male"
8;5;9.7;128;599;10.5;512;949;12.9;256;399;3;1;47;"Male"
9;1;9.7;256;949;12.9;128;399;10.5;64;799;2;3;29;"Male"
9;2;9.7;256;949;12.9;512;599;10.5;128;399;2;1;29;"Male"
9;3;10.5;256;599;9.7;512;799;12.9;64;949;1;3;29;"Male"
9;4;12.9;128;599;9.7;64;799;10.5;256;399;3;2;29;"Male"
9;5;12.9;256;949;10.5;64;399;9.7;512;799;2;3;29;"Male"
10;1;9.7;256;599;12.9;512;399;10.5;64;799;2;3;37;"Female"
10;2;9.7;512;399;12.9;256;599;10.5;64;799;2;3;37;"Female"
10;3;12.9;512;949;9.7;128;799;10.5;256;399;3;1;37;"Female"
10;4;9.7;64;949;10.5;256;799;12.9;512;599;2;1;37;"Female"
10;5;12.9;512;399;9.7;256;599;10.5;128;799;1;3;37;"Female"
11;1;10.5;512;949;9.7;64;799;12.9;256;399;3;2;31;"Female"
11;2;10.5;64;399;12.9;128;949;9.7;512;799;2;3;31;"Female"
11;3;9.7;512;799;12.9;64;599;10.5;256;949;3;2;31;"Female"
11;4;10.5;512;949;12.9;128;799;9.7;256;599;1;3;31;"Female"
11;5;12.9;256;949;9.7;512;399;10.5;64;799;1;3;31;"Female"
12;1;12.9;512;599;9.7;256;399;10.5;128;949;1;3;22;"Male"
12;2;10.5;256;399;12.9;512;799;9.7;64;949;1;3;22;"Male"
12;3;12.9;128;399;10.5;64;799;9.7;512;599;1;3;22;"Male"
12;4;10.5;512;599;12.9;256;799;9.7;128;399;1;3;22;"Male"
12;5;12.9;512;949;10.5;256;399;9.7;64;599;2;3;22;"Male"
13;1;9.7;64;399;12.9;256;799;10.5;128;599;2;1;46;"Female"
13;2;9.7;256;799;12.9;512;399;10.5;128;599;2;1;46;"Female"
13;3;12.9;256;799;10.5;64;399;9.7;128;949;2;3;46;"Female"
13;4;10.5;256;799;12.9;64;399;9.7;128;949;2;3;46;"Female"
13;5;10.5;256;949;12.9;128;399;9.7;512;799;1;3;46;"Female"
14;1;12.9;512;599;9.7;64;799;10.5;256;949;1;2;32;"Female"
14;2;9.7;64;599;10.5;256;799;12.9;128;949;2;1;32;"Female"
14;3;12.9;64;599;10.5;512;399;9.7;256;799;2;1;32;"Female"
14;4;12.9;256;949;9.7;512;599;10.5;128;799;3;2;32;"Female"
14;5;9.7;512;949;12.9;128;799;10.5;64;399;2;1;32;"Female"
15;1;9.7;64;399;10.5;128;599;12.9;512;949;2;1;37;"Male"
15;2;10.5;512;399;12.9;256;949;9.7;64;599;1;3;37;"Male"
15;3;10.5;64;949;9.7;512;399;12.9;256;799;3;1;37;"Male"
15;4;10.5;256;399;9.7;128;949;12.9;512;799;3;2;37;"Male"
15;5;12.9;512;949;10.5;128;399;9.7;256;599;2;1;37;"Male"
16;1;10.5;64;399;9.7;512;799;12.9;256;599;3;2;35;"Male"
16;2;9.7;512;799;10.5;128;399;12.9;256;949;2;1;35;"Male"
16;3;12.9;512;599;9.7;64;399;10.5;256;949;1;3;35;"Male"
16;4;12.9;128;799;9.7;512;599;10.5;64;949;1;3;35;"Male"
16;5;10.5;64;949;12.9;128;599;9.7;256;799;2;1;35;"Male"
17;1;10.5;256;799;12.9;128;599;9.7;64;399;1;3;43;"Male"
17;2;10.5;256;799;12.9;512;399;9.7;64;949;1;3;43;"Male"
17;3;12.9;128;399;9.7;64;599;10.5;512;949;1;2;43;"Male"
17;4;9.7;256;949;10.5;128;399;12.9;64;599;2;1;43;"Male"
17;5;10.5;128;599;9.7;256;949;12.9;512;399;3;2;43;"Male"
18;1;9.7;128;599;12.9;256;399;10.5;512;949;2;3;52;"Female"
18;2;9.7;64;399;10.5;256;799;12.9;128;599;2;1;52;"Female"
18;3;9.7;128;949;10.5;256;599;12.9;64;799;2;3;52;"Female"
18;4;9.7;128;599;12.9;512;949;10.5;64;399;3;1;52;"Female"
18;5;9.7;64;949;10.5;128;799;12.9;256;399;3;1;52;"Female"
19;1;10.5;128;949;9.7;512;799;12.9;256;399;3;2;28;"Male"
19;2;12.9;512;599;9.7;64;799;10.5;256;949;1;2;28;"Male"
19;3;12.9;256;399;10.5;512;949;9.7;128;799;1;3;28;"Male"
19;4;12.9;128;799;10.5;64;399;9.7;512;949;2;3;28;"Male"
19;5;12.9;128;949;9.7;512;599;10.5;64;399;3;1;28;"Male"
20;1;9.7;128;949;10.5;256;799;12.9;64;599;2;1;40;"Male"
20;2;9.7;512;599;12.9;128;949;10.5;64;799;1;3;40;"Male"
20;3;9.7;512;949;12.9;256;599;10.5;64;399;2;1;40;"Male"
20;4;10.5;128;399;12.9;256;599;9.7;512;799;2;1;40;"Male"
20;5;10.5;256;799;12.9;64;949;9.7;128;399;1;2;40;"Male"
21;1;10.5;512;949;12.9;64;799;9.7;128;599;1;2;21;"Female"
21;2;10.5;512;949;12.9;256;599;9.7;64;399;1;3;21;"Female"
21;3;12.9;256;799;10.5;512;399;9.7;64;599;2;3;21;"Female"
21;4;10.5;512;949;12.9;128;399;9.7;64;599;1;3;21;"Female"
21;5;12.9;64;399;9.7;256;799;10.5;128;949;1;2;21;"Female"
22;1;12.9;64;399;10.5;128;799;9.7;512;599;3;2;40;"Female"
22;2;10.5;128;799;9.7;256;599;12.9;64;949;2;3;40;"Female"
22;3;9.7;64;949;12.9;128;399;10.5;512;599;3;1;40;"Female"
22;4;10.5;512;399;12.9;64;949;9.7;128;599;1;3;40;"Female"
22;5;9.7;128;949;10.5;256;599;12.9;64;399;2;1;40;"Female"
23;1;12.9;512;949;10.5;64;799;9.7;256;399;1;2;49;"Male"
23;2;12.9;512;949;9.7;256;599;10.5;64;399;1;2;49;"Male"
23;3;12.9;256;399;9.7;512;599;10.5;128;799;1;2;49;"Male"
23;4;10.5;128;599;12.9;256;399;9.7;64;949;2;3;49;"Male"
23;5;9.7;64;599;10.5;512;799;12.9;256;949;3;1;49;"Male"
24;1;9.7;512;949;10.5;256;799;12.9;128;599;3;1;47;"Male"
24;2;9.7;256;799;12.9;64;599;10.5;512;949;3;2;47;"Male"
24;3;12.9;128;799;10.5;512;599;9.7;64;949;1;3;47;"Male"
24;4;10.5;64;599;12.9;256;949;9.7;512;799;2;3;47;"Male"
24;5;9.7;128;949;10.5;64;799;12.9;256;599;3;1;47;"Male"
25;1;9.7;128;799;10.5;512;599;12.9;256;949;2;3;46;"Male"
25;2;12.9;256;599;9.7;64;799;10.5;512;949;3;2;46;"Male"
25;3;12.9;512;399;9.7;128;599;10.5;256;799;1;2;46;"Male"
25;4;9.7;256;799;12.9;128;599;10.5;512;399;3;1;46;"Male"
25;5;10.5;128;799;9.7;256;399;12.9;64;599;3;2;46;"Male"
26;1;12.9;128;799;10.5;256;949;9.7;512;599;3;2;36;"Male"
26;2;12.9;256;949;10.5;128;599;9.7;64;399;1;3;36;"Male"
26;3;9.7;64;599;10.5;512;949;12.9;256;399;3;1;36;"Male"
26;4;10.5;256;399;12.9;64;599;9.7;128;949;1;3;36;"Male"
26;5;10.5;128;799;9.7;64;949;12.9;256;599;3;2;36;"Male"
27;1;10.5;512;399;9.7;256;949;12.9;64;599;1;2;49;"Female"
27;2;10.5;512;399;12.9;128;949;9.7;256;799;1;2;49;"Female"
27;3;12.9;64;399;10.5;256;949;9.7;512;799;2;1;49;"Female"
27;4;12.9;512;399;9.7;256;799;10.5;64;599;1;2;49;"Female"
27;5;10.5;64;599;12.9;256;949;9.7;512;799;1;3;49;"Female"
28;1;10.5;64;399;12.9;128;949;9.7;512;599;1;2;37;"Female"
28;2;10.5;512;949;12.9;128;399;9.7;256;599;1;3;37;"Female"
28;3;10.5;128;949;9.7;256;399;12.9;64;799;3;1;37;"Female"
28;4;9.7;128;949;10.5;64;599;12.9;256;799;3;1;37;"Female"
28;5;12.9;256;799;9.7;128;599;10.5;512;949;1;2;37;"Female"
29;1;12.9;128;799;9.7;256;599;10.5;512;399;3;2;43;"Male"
29;2;9.7;256;799;12.9;128;949;10.5;512;399;3;2;43;"Male"
29;3;9.7;256;399;12.9;512;949;10.5;64;599;1;3;43;"Male"
29;4;10.5;64;799;9.7;128;599;12.9;512;949;3;1;43;"Male"
29;5;10.5;256;399;12.9;512;949;9.7;128;799;2;3;43;"Male"
30;1;9.7;128;799;10.5;512;399;12.9;256;599;2;1;42;"Female"
30;2;9.7;128;399;12.9;256;949;10.5;512;599;2;1;42;"Female"
30;3;9.7;256;399;10.5;64;799;12.9;512;949;1;2;42;"Female"
30;4;12.9;128;949;10.5;256;599;9.7;512;399;2;1;42;"Female"
30;5;9.7;256;399;12.9;128;799;10.5;64;599;1;3;42;"Female"
31;1;10.5;128;399;12.9;64;799;9.7;256;599;1;3;44;"Female"
31;2;10.5;64;599;12.9;512;399;9.7;128;949;2;3;44;"Female"
31;3;9.7;256;949;12.9;128;799;10.5;64;599;1;2;44;"Female"
31;4;9.7;64;799;10.5;256;599;12.9;128;399;2;1;44;"Female"
31;5;9.7;512;799;12.9;256;599;10.5;128;949;2;3;44;"Female"
32;1;12.9;512;949;10.5;128;799;9.7;64;599;2;3;23;"Female"
32;2;9.7;64;949;10.5;512;399;12.9;256;799;2;1;23;"Female"
32;3;12.9;256;949;9.7;64;599;10.5;128;799;1;2;23;"Female"
32;4;10.5;64;399;9.7;256;949;12.9;128;599;2;1;23;"Female"
32;5;12.9;256;949;9.7;64;799;10.5;512;599;3;2;23;"Female"
33;1;10.5;64;599;12.9;512;799;9.7;128;949;2;3;47;"Male"
33;2;12.9;64;599;9.7;512;949;10.5;256;399;3;1;47;"Male"
33;3;9.7;64;599;10.5;128;949;12.9;512;399;3;1;47;"Male"
33;4;10.5;64;399;9.7;128;949;12.9;512;599;3;2;47;"Male"
33;5;12.9;64;949;9.7;128;799;10.5;512;599;1;2;47;"Male"
34;1;9.7;128;949;12.9;512;399;10.5;64;799;2;1;21;"Female"
34;2;9.7;128;599;10.5;256;949;12.9;512;399;2;1;21;"Female"
34;3;10.5;512;799;9.7;128;399;12.9;64;599;1;2;21;"Female"
34;4;9.7;128;949;12.9;256;399;10.5;64;599;2;1;21;"Female"
34;5;9.7;256;799;12.9;128;399;10.5;512;949;3;1;21;"Female"
35;1;12.9;128;949;10.5;512;399;9.7;256;599;2;1;31;"Female"
35;2;12.9;512;799;10.5;64;949;9.7;128;399;1;3;31;"Female"
35;3;12.9;512;599;9.7;256;399;10.5;128;799;1;3;31;"Female"
35;4;10.5;128;949;9.7;256;799;12.9;64;399;3;1;31;"Female"
35;5;10.5;256;399;9.7;64;599;12.9;128;799;1;2;31;"Female"
36;1;10.5;512;599;12.9;128;949;9.7;64;799;1;3;20;"Male"
36;2;9.7;128;799;10.5;64;399;12.9;512;949;3;1;20;"Male"
36;3;12.9;256;949;10.5;128;599;9.7;512;399;3;1;20;"Male"
36;4;10.5;256;949;12.9;512;599;9.7;64;399;2;3;20;"Male"
36;5;12.9;256;599;10.5;64;949;9.7;512;799;1;2;20;"Male"
37;1;9.7;512;799;10.5;256;949;12.9;64;599;1;3;26;"Female"
37;2;9.7;512;799;10.5;256;949;12.9;64;399;3;1;26;"Female"
37;3;10.5;128;399;12.9;64;949;9.7;256;799;1;2;26;"Female"
37;4;9.7;128;599;10.5;512;799;12.9;256;399;3;1;26;"Female"
37;5;10.5;64;399;12.9;128;949;9.7;512;799;1;2;26;"Female"
38;1;9.7;128;599;10.5;512;399;12.9;256;799;2;1;20;"Male"
38;2;12.9;128;399;10.5;512;949;9.7;256;799;2;3;20;"Male"
38;3;10.5;256;599;9.7;512;799;12.9;64;949;1;3;20;"Male"
38;4;12.9;512;399;10.5;64;599;9.7;128;799;1;2;20;"Male"
38;5;10.5;128;599;9.7;512;399;12.9;64;949;2;1;20;"Male"
39;1;9.7;64;949;12.9;256;599;10.5;512;799;3;1;25;"Male"
39;2;12.9;256;949;10.5;64;799;9.7;512;399;1;2;25;"Male"
39;3;12.9;64;949;9.7;256;599;10.5;512;399;3;1;25;"Male"
39;4;12.9;64;599;9.7;128;399;10.5;512;799;3;1;25;"Male"
39;5;12.9;256;599;10.5;128;399;9.7;64;949;2;3;25;"Male"
40;1;9.7;128;399;12.9;64;949;10.5;512;799;3;2;18;"Female"
40;2;10.5;128;799;12.9;256;599;9.7;64;399;1;3;18;"Female"
40;3;9.7;128;599;12.9;256;799;10.5;512;399;2;1;18;"Female"
40;4;10.5;64;599;12.9;128;949;9.7;512;399;3;1;18;"Female"
40;5;12.9;64;599;9.7;256;399;10.5;128;799;2;1;18;"Female"
41;1;10.5;512;399;9.7;64;949;12.9;256;599;1;2;20;"Female"
41;2;9.7;512;799;12.9;64;599;10.5;128;399;3;1;20;"Female"
41;3;12.9;256;799;10.5;128;399;9.7;64;599;2;3;20;"Female"
41;4;10.5;512;399;9.7;64;799;12.9;256;599;1;2;20;"Female"
41;5;9.7;512;799;10.5;256;599;12.9;128;399;2;3;20;"Female"
42;1;9.7;128;599;10.5;64;799;12.9;256;949;3;2;32;"Female"
42;2;12.9;128;949;9.7;256;599;10.5;64;399;3;1;32;"Female"
42;3;12.9;128;399;10.5;512;599;9.7;64;799;2;3;32;"Female"
42;4;9.7;512;949;10.5;256;399;12.9;64;799;2;1;32;"Female"
42;5;12.9;64;599;10.5;256;799;9.7;128;399;1;3;32;"Female"
43;1;10.5;256;799;12.9;128;399;9.7;64;949;2;3;45;"Female"
43;2;9.7;256;949;12.9;128;599;10.5;64;399;3;1;45;"Female"
43;3;9.7;128;399;10.5;64;949;12.9;256;599;3;2;45;"Female"
43;4;12.9;128;599;9.7;256;949;10.5;512;399;3;2;45;"Female"
43;5;10.5;256;799;12.9;512;949;9.7;64;599;2;3;45;"Female"
44;1;12.9;128;799;9.7;512;599;10.5;64;949;2;1;47;"Female"
44;2;9.7;64;949;12.9;512;599;10.5;128;399;3;1;47;"Female"
44;3;9.7;512;399;12.9;128;799;10.5;256;949;1;2;47;"Female"
44;4;10.5;64;949;9.7;128;399;12.9;256;599;3;1;47;"Female"
44;5;10.5;64;949;12.9;128;599;9.7;512;399;2;1;47;"Female"
45;1;12.9;256;599;10.5;128;949;9.7;64;799;1;3;30;"Male"
45;2;12.9;128;799;10.5;512;949;9.7;256;599;2;1;30;"Male"
45;3;10.5;128;949;9.7;64;399;12.9;256;799;1;2;30;"Male"
45;4;10.5;128;949;12.9;256;799;9.7;64;599;2;3;30;"Male"
45;5;12.9;256;799;10.5;512;599;9.7;64;949;1;3;30;"Male"
46;1;9.7;64;949;10.5;512;599;12.9;256;399;2;1;23;"Male"
46;2;9.7;512;799;10.5;256;399;12.9;64;599;2;3;23;"Male"
46;3;10.5;128;799;12.9;256;949;9.7;64;599;2;3;23;"Male"
46;4;12.9;64;799;10.5;512;399;9.7;128;949;2;3;23;"Male"
46;5;12.9;128;399;9.7;64;599;10.5;256;799;1;2;23;"Male"
47;1;10.5;256;599;12.9;64;799;9.7;512;399;1;2;41;"Female"
47;2;12.9;256;799;9.7;128;949;10.5;512;399;3;2;41;"Female"
47;3;9.7;512;399;10.5;128;799;12.9;256;599;3;1;41;"Female"
47;4;12.9;256;949;10.5;512;799;9.7;128;599;2;3;41;"Female"
47;5;9.7;512;799;12.9;64;599;10.5;128;399;1;2;41;"Female"
48;1;10.5;64;799;12.9;512;599;9.7;256;949;2;1;52;"Female"
48;2;12.9;512;799;9.7;256;399;10.5;64;599;1;3;52;"Female"
48;3;10.5;128;599;12.9;256;799;9.7;64;399;2;3;52;"Female"
48;4;9.7;128;599;12.9;64;799;10.5;256;399;3;1;52;"Female"
48;5;10.5;64;599;9.7;512;799;12.9;128;399;3;2;52;"Female"
49;1;9.7;128;399;10.5;256;949;12.9;64;799;2;3;47;"Male"
49;2;9.7;128;799;10.5;512;599;12.9;256;949;3;1;47;"Male"
49;3;10.5;512;949;9.7;64;399;12.9;128;799;1;2;47;"Male"
49;4;10.5;64;399;9.7;256;949;12.9;512;599;3;2;47;"Male"
49;5;10.5;128;399;12.9;256;949;9.7;512;599;1;2;47;"Male"
50;1;10.5;64;799;9.7;256;399;12.9;512;599;2;1;40;"Male"
50;2;9.7;64;949;12.9;512;599;10.5;128;799;2;1;40;"Male"
50;3;10.5;128;799;12.9;256;399;9.7;64;599;1;3;40;"Male"
50;4;10.5;64;599;9.7;512;799;12.9;256;399;3;1;40;"Male"
50;5;12.9;128;599;9.7;64;949;10.5;512;399;3;2;40;"Male"
51;1;12.9;256;399;9.7;128;799;10.5;512;949;3;2;51;"Male"
51;2;12.9;64;949;10.5;128;599;9.7;512;399;2;1;51;"Male"
51;3;10.5;512;799;9.7;256;949;12.9;128;599;1;2;51;"Male"
51;4;9.7;512;949;12.9;128;399;10.5;256;799;1;2;51;"Male"
51;5;12.9;64;599;10.5;128;949;9.7;256;399;2;1;51;"Male"
52;1;9.7;256;949;12.9;512;399;10.5;128;799;2;3;32;"Male"
52;2;10.5;256;949;9.7;128;599;12.9;512;799;1;2;32;"Male"
52;3;10.5;64;399;12.9;512;949;9.7;256;599;2;1;32;"Male"
52;4;10.5;128;399;12.9;64;949;9.7;256;599;1;2;32;"Male"
52;5;10.5;64;599;12.9;512;949;9.7;256;799;2;1;32;"Male"
53;1;12.9;512;399;10.5;64;799;9.7;256;949;1;3;18;"Female"
53;2;9.7;256;799;10.5;128;399;12.9;64;599;2;3;18;"Female"
53;3;10.5;64;599;12.9;512;399;9.7;128;949;2;3;18;"Female"
53;4;12.9;512;399;10.5;128;949;9.7;64;799;1;3;18;"Female"
53;5;9.7;256;599;10.5;64;399;12.9;128;949;2;1;18;"Female"
54;1;9.7;128;949;12.9;64;799;10.5;512;399;3;1;43;"Female"
54;2;12.9;64;799;9.7;128;599;10.5;512;399;3;1;43;"Female"
54;3;10.5;64;799;9.7;256;599;12.9;128;949;3;1;43;"Female"
54;4;12.9;128;599;9.7;512;399;10.5;64;799;1;2;43;"Female"
54;5;12.9;64;799;10.5;128;399;9.7;512;949;2;1;43;"Female"
55;1;9.7;128;599;12.9;64;799;10.5;256;399;3;1;30;"Female"
55;2;9.7;64;949;10.5;256;799;12.9;128;599;3;1;30;"Female"
55;3;12.9;256;399;9.7;128;599;10.5;512;949;1;2;30;"Female"
55;4;9.7;512;799;10.5;64;949;12.9;128;599;2;3;30;"Female"
55;5;10.5;256;799;12.9;128;399;9.7;512;949;2;3;30;"Female"
56;1;12.9;64;599;9.7;128;399;10.5;256;799;3;2;26;"Male"
56;2;10.5;128;799;9.7;512;599;12.9;64;399;1;2;26;"Male"
56;3;12.9;256;949;9.7;512;599;10.5;128;399;3;1;26;"Male"
56;4;10.5;128;799;12.9;256;399;9.7;512;949;2;3;26;"Male"
56;5;10.5;128;399;9.7;512;949;12.9;64;599;1;2;26;"Male"
57;1;9.7;256;399;10.5;128;799;12.9;512;599;3;2;28;"Male"
57;2;12.9;128;949;9.7;512;799;10.5;64;599;1;2;28;"Male"
57;3;12.9;64;599;10.5;256;399;9.7;512;949;2;3;28;"Male"
57;4;9.7;512;799;10.5;128;949;12.9;64;599;2;1;28;"Male"
57;5;10.5;128;599;12.9;512;799;9.7;256;949;2;3;28;"Male"
58;1;9.7;512;949;10.5;128;399;12.9;64;799;3;2;26;"Female"
58;2;9.7;128;799;12.9;512;599;10.5;64;399;2;1;26;"Female"
58;3;10.5;64;799;9.7;256;399;12.9;128;949;2;3;26;"Female"
58;4;9.7;64;949;10.5;256;599;12.9;512;799;2;1;26;"Female"
58;5;9.7;256;949;10.5;128;599;12.9;512;799;2;1;26;"Female"
59;1;9.7;64;599;10.5;512;799;12.9;256;949;2;1;47;"Female"
59;2;12.9;512;399;10.5;64;949;9.7;128;799;1;2;47;"Female"
59;3;10.5;256;799;9.7;64;949;12.9;512;399;3;2;47;"Female"
59;4;9.7;128;799;10.5;512;599;12.9;256;399;3;1;47;"Female"
59;5;10.5;512;399;12.9;64;799;9.7;128;599;1;3;47;"Female"
60;1;12.9;128;399;9.7;512;949;10.5;256;599;3;2;20;"Male"
60;2;9.7;256;949;12.9;128;399;10.5;512;599;3;2;20;"Male"
60;3;12.9;512;599;10.5;128;399;9.7;64;949;1;3;20;"Male"
60;4;9.7;64;949;10.5;128;599;12.9;512;799;3;1;20;"Male"
60;5;9.7;512;399;12.9;64;799;10.5;128;949;1;2;20;"Male"
61;1;9.7;256;949;10.5;512;799;12.9;64;399;3;2;21;"Female"
61;2;10.5;128;799;9.7;64;949;12.9;256;599;3;2;21;"Female"
61;3;12.9;128;949;9.7;64;399;10.5;512;599;3;2;21;"Female"
61;4;12.9;64;799;9.7;128;399;10.5;512;599;3;1;21;"Female"
61;5;9.7;64;399;10.5;128;599;12.9;512;799;3;1;21;"Female"
62;1;12.9;512;599;10.5;64;399;9.7;128;949;1;3;38;"Male"
62;2;10.5;64;949;9.7;128;599;12.9;256;399;3;1;38;"Male"
62;3;12.9;256;599;10.5;64;399;9.7;128;949;2;3;38;"Male"
62;4;10.5;512;949;9.7;256;599;12.9;128;799;3;2;38;"Male"
62;5;9.7;64;949;10.5;256;399;12.9;512;599;3;1;38;"Male"
63;1;9.7;128;799;10.5;256;399;12.9;64;949;2;1;45;"Male"
63;2;10.5;256;399;9.7;512;799;12.9;128;949;1;2;45;"Male"
63;3;9.7;128;949;12.9;64;799;10.5;256;399;3;2;45;"Male"
63;4;12.9;128;799;9.7;512;399;10.5;64;599;2;1;45;"Male"
63;5;10.5;256;399;12.9;512;599;9.7;128;799;2;3;45;"Male"
64;1;12.9;64;949;10.5;256;599;9.7;512;799;2;1;27;"Female"
64;2;10.5;256;949;9.7;64;799;12.9;128;599;1;2;27;"Female"
64;3;9.7;128;949;10.5;256;799;12.9;512;399;3;1;27;"Female"
64;4;10.5;64;949;9.7;128;599;12.9;256;799;3;1;27;"Female"
64;5;12.9;128;399;10.5;512;799;9.7;256;599;2;1;27;"Female"
65;1;12.9;256;799;9.7;64;399;10.5;512;599;3;2;34;"Male"
65;2;12.9;256;599;9.7;128;949;10.5;512;399;3;2;34;"Male"
65;3;10.5;256;399;12.9;128;599;9.7;512;799;1;3;34;"Male"
65;4;10.5;256;799;9.7;64;399;12.9;512;599;3;2;34;"Male"
65;5;12.9;512;399;9.7;64;949;10.5;128;799;1;2;34;"Male"
66;1;9.7;256;799;12.9;512;399;10.5;64;599;2;3;27;"Male"
66;2;12.9;64;599;10.5;128;799;9.7;256;399;2;1;27;"Male"
66;3;12.9;256;949;9.7;512;599;10.5;128;399;3;2;27;"Male"
66;4;10.5;256;399;9.7;512;949;12.9;64;599;1;2;27;"Male"
66;5;10.5;64;399;12.9;512;799;9.7;128;949;1;3;27;"Male"
67;1;9.7;64;799;10.5;256;399;12.9;128;949;2;1;33;"Male"
67;2;12.9;128;799;10.5;512;399;9.7;256;949;2;1;33;"Male"
67;3;12.9;256;799;10.5;128;949;9.7;64;399;1;3;33;"Male"
67;4;12.9;64;799;10.5;512;599;9.7;128;949;2;3;33;"Male"
67;5;10.5;64;949;12.9;128;599;9.7;256;799;3;1;33;"Male"
68;1;12.9;128;949;9.7;512;799;10.5;256;599;1;2;52;"Female"
68;2;12.9;256;799;9.7;64;599;10.5;128;949;1;2;52;"Female"
68;3;10.5;256;949;12.9;128;399;9.7;64;799;2;3;52;"Female"
68;4;10.5;64;399;9.7;128;799;12.9;512;599;3;2;52;"Female"
68;5;9.7;128;949;12.9;512;599;10.5;256;399;2;1;52;"Female"
69;1;10.5;512;399;12.9;64;799;9.7;256;949;1;3;44;"Male"
69;2;9.7;256;599;10.5;64;399;12.9;128;949;2;1;44;"Male"
69;3;9.7;256;799;10.5;128;599;12.9;512;399;3;2;44;"Male"
69;4;9.7;128;599;10.5;512;399;12.9;64;949;2;1;44;"Male"
69;5;12.9;256;799;9.7;512;599;10.5;64;399;2;3;44;"Male"
70;1;10.5;64;949;9.7;256;599;12.9;512;799;2;3;30;"Male"
70;2;9.7;128;599;10.5;256;949;12.9;512;799;2;1;30;"Male"
70;3;12.9;64;599;9.7;128;949;10.5;256;399;3;2;30;"Male"
70;4;9.7;64;399;10.5;128;799;12.9;256;599;2;1;30;"Male"
70;5;9.7;512;399;10.5;256;599;12.9;128;799;2;1;30;"Male"
71;1;12.9;128;949;10.5;64;399;9.7;512;599;2;3;54;"Male"
71;2;12.9;128;949;9.7;64;799;10.5;256;599;1;2;54;"Male"
71;3;12.9;512;949;10.5;64;799;9.7;128;599;1;3;54;"Male"
71;4;9.7;64;799;12.9;128;399;10.5;256;949;3;1;54;"Male"
71;5;10.5;256;599;12.9;512;799;9.7;128;399;1;2;54;"Male"
72;1;12.9;256;599;9.7;128;399;10.5;64;949;1;3;55;"Female"
72;2;9.7;512;799;10.5;64;399;12.9;256;949;2;3;55;"Female"
72;3;12.9;64;949;10.5;256;799;9.7;128;599;2;1;55;"Female"
72;4;9.7;128;949;10.5;64;399;12.9;256;799;3;1;55;"Female"
72;5;9.7;64;949;10.5;512;799;12.9;128;599;2;1;55;"Female"
73;1;9.7;512;949;10.5;128;399;12.9;64;799;2;3;45;"Male"
73;2;12.9;256;399;9.7;512;799;10.5;64;949;1;2;45;"Male"
73;3;10.5;256;799;12.9;64;599;9.7;512;399;3;2;45;"Male"
73;4;9.7;256;399;12.9;128;599;10.5;64;949;1;3;45;"Male"
73;5;9.7;128;399;12.9;256;599;10.5;64;799;2;1;45;"Male"
74;1;10.5;512;399;9.7;256;949;12.9;64;599;1;2;21;"Female"
74;2;10.5;64;949;9.7;128;799;12.9;256;599;3;1;21;"Female"
74;3;10.5;64;949;9.7;128;599;12.9;512;799;3;1;21;"Female"
74;4;12.9;256;949;10.5;64;799;9.7;512;399;3;2;21;"Female"
74;5;12.9;64;399;10.5;256;949;9.7;512;599;1;3;21;"Female"
75;1;10.5;512;949;9.7;128;799;12.9;64;399;3;2;34;"Male"
75;2;9.7;512;399;10.5;256;949;12.9;64;799;2;3;34;"Male"
75;3;12.9;128;799;10.5;64;949;9.7;512;599;1;2;34;"Male"
75;4;12.9;512;599;10.5;128;399;9.7;64;949;1;3;34;"Male"
75;5;10.5;64;799;12.9;256;599;9.7;128;949;2;1;34;"Male"
76;1;12.9;512;599;9.7;256;399;10.5;128;949;1;3;34;"Male"
76;2;10.5;128;949;12.9;512;599;9.7;64;799;2;3;34;"Male"
76;3;12.9;128;599;9.7;256;399;10.5;512;799;3;2;34;"Male"
76;4;10.5;64;799;9.7;128;949;12.9;256;599;3;2;34;"Male"
76;5;12.9;64;599;10.5;256;399;9.7;512;949;2;1;34;"Male"
77;1;9.7;256;399;12.9;64;949;10.5;128;799;1;2;25;"Female"
77;2;12.9;128;399;9.7;64;799;10.5;512;949;3;2;25;"Female"
77;3;9.7;512;799;12.9;256;599;10.5;128;399;2;1;25;"Female"
77;4;9.7;512;599;12.9;64;949;10.5;256;399;3;2;25;"Female"
77;5;10.5;128;799;12.9;512;949;9.7;64;599;2;1;25;"Female"
78;1;10.5;256;399;12.9;512;949;9.7;128;599;1;3;53;"Female"
78;2;10.5;64;799;12.9;128;399;9.7;256;949;2;3;53;"Female"
78;3;9.7;128;399;12.9;64;799;10.5;256;949;3;2;53;"Female"
78;4;9.7;256;949;10.5;128;399;12.9;64;799;2;1;53;"Female"
78;5;10.5;128;799;12.9;64;599;9.7;256;949;1;2;53;"Female"
79;1;12.9;128;599;10.5;512;949;9.7;256;399;1;3;35;"Male"
79;2;12.9;128;949;9.7;256;599;10.5;512;399;3;2;35;"Male"
79;3;12.9;128;399;10.5;256;599;9.7;512;799;2;1;35;"Male"
79;4;9.7;64;399;12.9;512;949;10.5;256;599;3;1;35;"Male"
79;5;10.5;512;799;12.9;128;949;9.7;64;399;1;3;35;"Male"
80;1;12.9;256;399;9.7;64;799;10.5;512;949;1;2;50;"Male"
80;2;9.7;64;399;10.5;256;799;12.9;128;599;2;1;50;"Male"
80;3;10.5;64;949;9.7;512;599;12.9;256;799;3;1;50;"Male"
80;4;9.7;64;799;10.5;512;399;12.9;256;599;2;1;50;"Male"
80;5;10.5;256;599;12.9;64;949;9.7;512;799;1;2;50;"Male"
81;1;9.7;512;949;10.5;256;799;12.9;64;399;3;2;20;"Male"
81;2;9.7;128;599;12.9;256;799;10.5;512;399;3;1;20;"Male"
81;3;12.9;256;399;10.5;128;799;9.7;64;949;1;3;20;"Male"
81;4;10.5;64;599;9.7;512;949;12.9;128;399;3;1;20;"Male"
81;5;10.5;128;799;9.7;256;599;12.9;64;949;1;3;20;"Male"
82;1;12.9;128;599;9.7;256;399;10.5;512;799;1;2;29;"Male"
82;2;9.7;64;949;10.5;256;799;12.9;512;399;2;1;29;"Male"
82;3;12.9;64;949;10.5;128;599;9.7;512;399;2;3;29;"Male"
82;4;10.5;256;599;12.9;512;949;9.7;128;799;2;3;29;"Male"
82;5;12.9;64;399;10.5;512;799;9.7;256;599;2;1;29;"Male"
83;1;10.5;256;949;9.7;512;599;12.9;128;399;3;2;20;"Female"
83;2;9.7;128;399;12.9;64;799;10.5;256;949;1;2;20;"Female"
83;3;10.5;256;599;9.7;128;799;12.9;512;949;1;2;20;"Female"
83;4;9.7;512;399;12.9;128;949;10.5;256;799;2;1;20;"Female"
83;5;9.7;128;799;10.5;64;399;12.9;256;599;2;1;20;"Female"
84;1;9.7;512;949;10.5;64;599;12.9;128;399;3;1;22;"Female"
84;2;12.9;128;399;10.5;256;599;9.7;512;799;1;3;22;"Female"
84;3;9.7;512;949;12.9;64;599;10.5;256;399;3;1;22;"Female"
84;4;12.9;512;799;10.5;128;599;9.7;64;399;1;3;22;"Female"
84;5;10.5;64;599;9.7;512;949;12.9;256;799;3;2;22;"Female"
85;1;10.5;64;599;12.9;512;399;9.7;256;949;2;3;50;"Male"
85;2;9.7;64;599;10.5;128;799;12.9;256;399;3;1;50;"Male"
85;3;10.5;128;399;9.7;512;599;12.9;256;799;3;1;50;"Male"
85;4;12.9;64;799;9.7;128;399;10.5;512;599;1;2;50;"Male"
85;5;10.5;256;399;12.9;128;599;9.7;512;949;2;3;50;"Male"
86;1;12.9;128;799;10.5;512;399;9.7;256;599;2;1;54;"Male"
86;2;12.9;256;599;10.5;512;799;9.7;128;949;2;3;54;"Male"
86;3;10.5;512;399;12.9;64;949;9.7;256;799;1;2;54;"Male"
86;4;9.7;512;599;12.9;128;949;10.5;256;399;2;1;54;"Male"
86;5;12.9;128;599;10.5;64;399;9.7;512;799;1;2;54;"Male"
87;1;10.5;512;399;12.9;128;599;9.7;256;949;2;3;40;"Male"
87;2;12.9;512;799;10.5;128;949;9.7;64;599;1;2;40;"Male"
87;3;12.9;64;599;10.5;512;949;9.7;128;799;2;1;40;"Male"
87;4;9.7;512;399;10.5;128;799;12.9;64;599;1;3;40;"Male"
87;5;10.5;256;799;9.7;64;599;12.9;128;949;1;2;40;"Male"
88;1;9.7;256;599;12.9;512;949;10.5;64;399;2;1;24;"Female"
88;2;10.5;64;799;9.7;512;599;12.9;256;399;2;1;24;"Female"
88;3;12.9;128;799;9.7;256;949;10.5;512;399;3;2;24;"Female"
88;4;10.5;64;799;12.9;512;399;9.7;128;599;2;1;24;"Female"
88;5;9.7;256;599;12.9;512;799;10.5;128;949;2;3;24;"Female"
89;1;10.5;256;799;12.9;128;599;9.7;512;399;1;2;28;"Female"
89;2;9.7;256;599;10.5;512;399;12.9;64;949;2;3;28;"Female"
89;3;12.9;64;399;10.5;128;799;9.7;512;599;2;3;28;"Female"
89;4;9.7;128;949;12.9;512;799;10.5;256;399;3;1;28;"Female"
89;5;12.9;256;599;10.5;128;399;9.7;512;799;3;1;28;"Female"
90;1;9.7;256;949;12.9;64;399;10.5;512;599;3;1;29;"Male"
90;2;10.5;128;949;12.9;256;799;9.7;64;399;2;3;29;"Male"
90;3;10.5;512;949;12.9;256;799;9.7;128;399;2;3;29;"Male"
90;4;9.7;64;599;12.9;128;949;10.5;256;799;3;1;29;"Male"
90;5;9.7;512;399;10.5;64;949;12.9;128;799;3;2;29;"Male"
91;1;10.5;128;399;9.7;512;599;12.9;256;799;1;3;46;"Male"
91;2;9.7;512;599;10.5;256;399;12.9;128;799;2;1;46;"Male"
91;3;9.7;128;799;12.9;256;599;10.5;64;949;3;1;46;"Male"
91;4;12.9;512;399;10.5;128;949;9.7;256;799;1;3;46;"Male"
91;5;10.5;128;399;12.9;64;799;9.7;256;949;1;2;46;"Male"
92;1;10.5;256;399;12.9;512;599;9.7;128;799;1;3;18;"Female"
92;2;12.9;256;399;10.5;128;949;9.7;512;599;1;3;18;"Female"
92;3;10.5;512;799;12.9;256;399;9.7;64;949;2;3;18;"Female"
92;4;9.7;512;399;12.9;128;949;10.5;256;599;3;1;18;"Female"
92;5;10.5;128;799;9.7;512;399;12.9;64;949;1;3;18;"Female"
93;1;9.7;512;399;12.9;256;599;10.5;64;799;2;3;54;"Male"
93;2;12.9;64;599;9.7;128;799;10.5;512;399;3;1;54;"Male"
93;3;12.9;512;599;9.7;64;949;10.5;256;799;1;2;54;"Male"
93;4;9.7;128;949;12.9;64;799;10.5;512;399;3;1;54;"Male"
93;5;9.7;512;399;10.5;128;599;12.9;256;799;2;1;54;"Male"
94;1;9.7;64;399;12.9;256;799;10.5;512;949;3;1;29;"Male"
94;2;10.5;256;799;12.9;512;399;9.7;128;949;2;3;29;"Male"
94;3;12.9;256;399;10.5;64;799;9.7;512;949;1;3;29;"Male"
94;4;9.7;64;949;12.9;256;599;10.5;512;399;3;1;29;"Male"
94;5;10.5;512;599;9.7;256;949;12.9;128;799;1;3;29;"Male"
95;1;10.5;64;799;12.9;512;949;9.7;256;399;2;1;35;"Male"
95;2;10.5;256;799;12.9;128;399;9.7;512;949;1;3;35;"Male"
95;3;12.9;256;599;9.7;64;799;10.5;128;399;3;2;35;"Male"
95;4;10.5;512;949;9.7;256;799;12.9;128;399;3;2;35;"Male"
95;5;9.7;128;949;12.9;256;599;10.5;64;399;2;3;35;"Male"
96;1;9.7;256;599;10.5;128;949;12.9;512;399;3;2;39;"Female"
96;2;9.7;256;799;10.5;128;949;12.9;64;399;2;1;39;"Female"
96;3;10.5;512;799;9.7;256;399;12.9;64;599;1;3;39;"Female"
96;4;10.5;128;599;9.7;512;949;12.9;256;799;3;2;39;"Female"
96;5;9.7;256;799;12.9;512;399;10.5;64;599;2;1;39;"Female"
97;1;12.9;64;799;10.5;128;399;9.7;512;949;2;3;22;"Male"
97;2;9.7;256;399;12.9;512;799;10.5;64;949;2;1;22;"Male"
97;3;12.9;256;599;9.7;512;949;10.5;64;799;1;2;22;"Male"
97;4;10.5;512;599;9.7;64;949;12.9;256;799;3;2;22;"Male"
97;5;12.9;512;949;10.5;256;399;9.7;128;799;2;3;22;"Male"
98;1;10.5;256;949;12.9;64;599;9.7;512;799;1;2;27;"Female"
98;2;10.5;128;399;9.7;64;799;12.9;256;949;1;2;27;"Female"
98;3;12.9;128;949;9.7;256;799;10.5;512;599;1;2;27;"Female"
98;4;12.9;128;949;10.5;512;799;9.7;256;599;2;1;27;"Female"
98;5;10.5;64;599;9.7;256;799;12.9;128;399;1;2;27;"Female"
99;1;12.9;128;799;10.5;64;599;9.7;256;399;3;2;44;"Male"
99;2;12.9;128;399;10.5;64;949;9.7;256;599;1;3;44;"Male"
99;3;9.7;64;949;12.9;256;399;10.5;128;799;2;1;44;"Male"
99;4;12.9;512;399;9.7;128;949;10.5;64;599;1;2;44;"Male"
99;5;12.9;512;799;10.5;256;949;9.7;64;399;2;3;44;"Male"
100;1;10.5;128;799;12.9;64;599;9.7;512;949;2;3;33;"Male"
100;2;9.7;256;949;10.5;512;399;12.9;64;599;2;1;33;"Male"
100;3;10.5;256;799;12.9;512;599;9.7;128;949;1;3;33;"Male"
100;4;10.5;512;599;9.7;128;949;12.9;256;399;3;2;33;"Male"
100;5;10.5;64;799;12.9;128;599;9.7;256;399;3;1;33;"Male"
101;1;9.7;128;799;12.9;512;399;10.5;64;949;2;1;40;"Female"
101;2;10.5;256;399;9.7;512;949;12.9;64;599;1;2;40;"Female"
101;3;10.5;128;799;9.7;256;599;12.9;64;399;3;1;40;"Female"
101;4;9.7;512;599;12.9;256;399;10.5;64;799;2;3;40;"Female"
101;5;9.7;128;799;12.9;512;399;10.5;64;949;2;1;40;"Female"
102;1;10.5;512;949;12.9;64;599;9.7;256;399;1;3;51;"Male"
102;2;9.7;512;399;10.5;256;599;12.9;64;949;2;3;51;"Male"
102;3;10.5;64;599;9.7;512;399;12.9;256;949;2;1;51;"Male"
102;4;9.7;512;799;10.5;128;949;12.9;256;399;3;2;51;"Male"
102;5;9.7;64;799;12.9;512;949;10.5;256;599;3;1;51;"Male"
103;1;10.5;512;949;9.7;64;399;12.9;256;799;1;3;37;"Male"
103;2;10.5;256;399;9.7;64;599;12.9;512;949;1;2;37;"Male"
103;3;9.7;64;399;10.5;512;799;12.9;128;949;2;3;37;"Male"
103;4;10.5;64;599;12.9;256;949;9.7;128;799;1;3;37;"Male"
103;5;9.7;64;949;10.5;512;799;12.9;128;399;2;1;37;"Male"
104;1;9.7;256;399;10.5;512;799;12.9;64;949;2;3;20;"Female"
104;2;9.7;512;599;12.9;128;399;10.5;256;949;1;2;20;"Female"
104;3;10.5;128;599;9.7;256;399;12.9;64;949;2;3;20;"Female"
104;4;9.7;512;799;10.5;64;599;12.9;128;399;1;2;20;"Female"
104;5;9.7;64;399;12.9;256;949;10.5;512;599;2;1;20;"Female"
105;1;10.5;512;599;9.7;128;799;12.9;256;399;3;2;41;"Male"
105;2;9.7;64;949;10.5;256;799;12.9;512;399;3;1;41;"Male"
105;3;12.9;64;799;9.7;128;399;10.5;512;949;3;2;41;"Male"
105;4;12.9;512;399;9.7;128;949;10.5;256;799;3;2;41;"Male"
105;5;9.7;256;399;12.9;64;799;10.5;128;599;3;2;41;"Male"
106;1;9.7;256;599;10.5;128;799;12.9;512;399;2;1;41;"Female"
106;2;10.5;128;399;12.9;64;799;9.7;512;949;3;2;41;"Female"
106;3;12.9;512;599;10.5;256;399;9.7;64;949;1;3;41;"Female"
106;4;9.7;128;949;12.9;512;799;10.5;256;399;3;1;41;"Female"
106;5;12.9;64;799;9.7;128;599;10.5;256;949;2;1;41;"Female"
107;1;10.5;256;599;9.7;128;799;12.9;512;949;3;2;26;"Female"
107;2;12.9;256;399;10.5;512;599;9.7;128;799;1;3;26;"Female"
107;3;10.5;512;799;12.9;64;949;9.7;256;599;1;3;26;"Female"
107;4;9.7;128;599;10.5;64;399;12.9;256;799;3;1;26;"Female"
107;5;12.9;256;799;9.7;64;599;10.5;128;399;3;2;26;"Female"
108;1;10.5;128;949;12.9;64;599;9.7;512;799;2;1;50;"Male"
108;2;9.7;256;599;12.9;512;949;10.5;64;399;3;1;50;"Male"
108;3;9.7;64;399;12.9;128;949;10.5;512;799;3;1;50;"Male"
108;4;9.7;512;949;10.5;128;599;12.9;64;399;1;3;50;"Male"
108;5;12.9;64;599;10.5;128;399;9.7;256;949;2;3;50;"Male"
109;1;12.9;512;399;9.7;128;799;10.5;64;949;1;2;29;"Female"
109;2;9.7;256;599;10.5;64;949;12.9;128;399;3;2;29;"Female"
109;3;10.5;128;399;12.9;64;949;9.7;512;799;2;3;29;"Female"
109;4;12.9;64;399;10.5;256;599;9.7;512;799;2;3;29;"Female"
109;5;12.9;512;799;9.7;128;399;10.5;256;949;1;2;29;"Female"
110;1;9.7;512;799;10.5;128;399;12.9;64;599;2;3;42;"Male"
110;2;10.5;256;949;12.9;128;799;9.7;64;599;1;3;42;"Male"
110;3;10.5;128;949;12.9;64;799;9.7;512;599;3;1;42;"Male"
110;4;10.5;256;799;9.7;128;949;12.9;64;599;3;2;42;"Male"
110;5;10.5;512;599;12.9;64;949;9.7;256;799;1;3;42;"Male"
111;1;10.5;64;599;12.9;512;799;9.7;256;949;2;3;42;"Female"
111;2;12.9;512;949;10.5;128;399;9.7;64;599;1;3;42;"Female"
111;3;12.9;256;799;9.7;512;399;10.5;64;599;3;2;42;"Female"
111;4;9.7;64;949;12.9;512;799;10.5;128;599;2;1;42;"Female"
111;5;10.5;512;799;9.7;128;399;12.9;64;599;1;3;42;"Female"
112;1;12.9;64;949;9.7;512;399;10.5;256;599;3;1;55;"Male"
112;2;10.5;256;949;9.7;64;599;12.9;512;399;3;2;55;"Male"
112;3;10.5;128;599;9.7;64;399;12.9;512;949;1;3;55;"Male"
112;4;9.7;64;599;12.9;256;799;10.5;128;399;3;1;55;"Male"
112;5;9.7;256;949;12.9;64;799;10.5;512;399;3;2;55;"Male"
113;1;12.9;256;399;10.5;128;599;9.7;512;949;1;3;22;"Male"
113;2;10.5;64;799;9.7;128;399;12.9;256;599;3;1;22;"Male"
113;3;9.7;256;799;10.5;512;399;12.9;64;599;2;1;22;"Male"
113;4;12.9;64;949;9.7;128;599;10.5;256;399;3;1;22;"Male"
113;5;10.5;128;949;9.7;64;399;12.9;256;599;3;2;22;"Male"
114;1;10.5;64;399;9.7;128;599;12.9;512;799;3;2;35;"Male"
114;2;9.7;128;949;12.9;64;599;10.5;256;399;3;1;35;"Male"
114;3;10.5;128;949;12.9;64;399;9.7;256;799;2;3;35;"Male"
114;4;12.9;512;399;9.7;128;599;10.5;64;799;1;3;35;"Male"
114;5;10.5;128;949;9.7;64;599;12.9;256;799;3;1;35;"Male"
115;1;12.9;256;799;9.7;512;399;10.5;128;949;2;3;37;"Female"
115;2;9.7;256;599;12.9;512;949;10.5;64;399;2;1;37;"Female"
115;3;10.5;128;799;9.7;64;949;12.9;512;399;3;2;37;"Female"
115;4;10.5;64;799;12.9;512;399;9.7;256;949;2;1;37;"Female"
115;5;9.7;512;949;12.9;256;799;10.5;128;599;2;3;37;"Female"
116;1;12.9;128;399;9.7;256;599;10.5;64;949;2;3;44;"Male"
116;2;12.9;128;949;9.7;64;799;10.5;512;599;3;2;44;"Male"
116;3;9.7;256;949;10.5;512;799;12.9;128;599;3;1;44;"Male"
116;4;9.7;512;599;10.5;256;399;12.9;128;949;2;3;44;"Male"
116;5;9.7;64;949;12.9;256;599;10.5;128;399;2;1;44;"Male"
117;1;9.7;256;599;12.9;64;949;10.5;128;799;1;2;22;"Male"
117;2;10.5;64;799;9.7;256;599;12.9;512;399;1;2;22;"Male"
117;3;9.7;128;399;12.9;512;949;10.5;256;599;2;3;22;"Male"
117;4;12.9;64;799;10.5;128;949;9.7;512;599;3;1;22;"Male"
117;5;9.7;256;799;10.5;512;599;12.9;64;399;2;1;22;"Male"
118;1;10.5;128;799;9.7;512;599;12.9;64;399;2;1;28;"Female"
118;2;9.7;512;599;12.9;256;799;10.5;64;949;2;1;28;"Female"
118;3;9.7;64;949;12.9;256;799;10.5;128;399;2;1;28;"Female"
118;4;12.9;64;949;9.7;256;399;10.5;128;599;2;1;28;"Female"
118;5;10.5;256;399;12.9;64;949;9.7;512;599;1;2;28;"Female"
119;1;12.9;256;599;10.5;512;949;9.7;128;799;2;3;54;"Male"
119;2;10.5;64;599;12.9;256;399;9.7;512;949;2;1;54;"Male"
119;3;12.9;64;949;9.7;256;799;10.5;128;399;3;2;54;"Male"
119;4;9.7;128;799;10.5;512;949;12.9;64;399;2;1;54;"Male"
119;5;9.7;256;799;10.5;128;949;12.9;512;599;3;1;54;"Male"
120;1;9.7;512;949;12.9;64;399;10.5;256;599;3;1;23;"Male"
120;2;12.9;64;599;10.5;128;799;9.7;256;949;1;3;23;"Male"
120;3;9.7;256;399;12.9;512;599;10.5;128;799;3;1;23;"Male"
120;4;10.5;256;399;9.7;512;949;12.9;64;599;1;2;23;"Male"
120;5;12.9;128;399;9.7;64;799;10.5;512;949;1;2;23;"Male"
121;1;9.7;512;949;10.5;64;599;12.9;128;399;3;1;21;"Male"
121;2;10.5;256;599;12.9;128;949;9.7;64;799;2;3;21;"Male"
121;3;10.5;128;399;12.9;512;599;9.7;64;949;2;3;21;"Male"
121;4;10.5;512;799;9.7;64;399;12.9;128;949;1;3;21;"Male"
121;5;12.9;256;399;9.7;512;599;10.5;64;799;2;3;21;"Male"
122;1;10.5;512;799;9.7;128;599;12.9;256;949;1;2;46;"Male"
122;2;9.7;128;399;10.5;512;949;12.9;256;599;2;1;46;"Male"
122;3;10.5;256;399;9.7;512;599;12.9;128;949;1;3;46;"Male"
122;4;12.9;64;949;10.5;512;599;9.7;128;799;2;3;46;"Male"
122;5;9.7;512;799;12.9;128;399;10.5;256;949;3;2;46;"Male"
123;1;9.7;128;399;10.5;64;799;12.9;256;949;3;1;53;"Female"
123;2;12.9;64;399;9.7;128;599;10.5;256;949;3;2;53;"Female"
123;3;12.9;256;599;10.5;512;399;9.7;64;799;2;3;53;"Female"
123;4;12.9;512;599;10.5;256;399;9.7;128;949;2;3;53;"Female"
123;5;12.9;512;399;10.5;256;799;9.7;64;949;1;3;53;"Female"
124;1;9.7;256;599;12.9;64;799;10.5;512;399;3;2;29;"Male"
124;2;9.7;128;949;12.9;256;799;10.5;64;399;2;1;29;"Male"
124;3;12.9;64;949;10.5;128;599;9.7;256;799;3;1;29;"Male"
124;4;10.5;128;799;9.7;512;399;12.9;64;599;2;1;29;"Male"
124;5;10.5;256;799;9.7;512;599;12.9;64;949;1;3;29;"Male"
125;1;12.9;128;599;10.5;256;799;9.7;512;399;2;3;34;"Male"
125;2;10.5;128;399;9.7;512;799;12.9;256;949;1;3;34;"Male"
125;3;12.9;64;399;9.7;256;799;10.5;512;599;3;2;34;"Male"
125;4;10.5;256;599;9.7;512;949;12.9;64;799;1;2;34;"Male"
125;5;12.9;128;599;9.7;512;799;10.5;256;949;1;2;34;"Male"
126;1;10.5;64;399;9.7;256;799;12.9;512;949;3;2;27;"Male"
126;2;9.7;64;799;12.9;128;599;10.5;512;949;3;1;27;"Male"
126;3;10.5;64;799;12.9;512;599;9.7;256;949;2;1;27;"Male"
126;4;9.7;512;399;10.5;256;599;12.9;128;799;2;3;27;"Male"
126;5;10.5;512;399;12.9;64;799;9.7;128;599;1;3;27;"Male"
127;1;12.9;128;949;10.5;256;399;9.7;64;599;2;3;49;"Male"
127;2;9.7;128;399;10.5;256;799;12.9;512;599;2;1;49;"Male"
127;3;9.7;128;599;12.9;512;949;10.5;64;399;3;1;49;"Male"
127;4;9.7;64;599;12.9;128;399;10.5;256;949;2;1;49;"Male"
127;5;12.9;64;599;9.7;128;799;10.5;256;949;3;1;49;"Male"
128;1;10.5;64;949;12.9;128;799;9.7;512;399;3;1;24;"Male"
128;2;9.7;256;399;12.9;64;799;10.5;128;949;1;2;24;"Male"
128;3;9.7;512;799;10.5;128;399;12.9;256;599;3;2;24;"Male"
128;4;9.7;256;599;10.5;512;399;12.9;128;799;2;1;24;"Male"
128;5;10.5;64;949;12.9;256;399;9.7;128;599;2;3;24;"Male"
129;1;12.9;256;949;10.5;128;799;9.7;512;399;1;2;48;"Female"
129;2;9.7;512;399;10.5;256;599;12.9;64;799;2;3;48;"Female"
129;3;12.9;128;399;10.5;512;599;9.7;256;799;2;1;48;"Female"
129;4;10.5;512;599;12.9;64;399;9.7;128;799;1;3;48;"Female"
129;5;10.5;64;399;9.7;256;949;12.9;512;599;3;2;48;"Female"
130;1;12.9;64;399;10.5;256;949;9.7;128;599;2;1;32;"Female"
130;2;10.5;128;599;9.7;64;799;12.9;512;949;1;2;32;"Female"
130;3;12.9;256;949;10.5;128;799;9.7;512;399;2;1;32;"Female"
130;4;9.7;64;799;10.5;256;949;12.9;128;399;2;1;32;"Female"
130;5;9.7;128;799;12.9;64;599;10.5;256;949;3;1;32;"Female"
131;1;9.7;64;599;10.5;512;399;12.9;256;949;2;1;31;"Male"
131;2;10.5;512;799;9.7;128;949;12.9;256;399;1;2;31;"Male"
131;3;10.5;256;599;9.7;128;399;12.9;64;949;1;2;31;"Male"
131;4;9.7;512;949;12.9;64;799;10.5;128;599;2;1;31;"Male"
131;5;12.9;256;599;9.7;512;399;10.5;128;949;2;3;31;"Male"
132;1;12.9;128;799;9.7;64;949;10.5;512;599;3;2;19;"Female"
132;2;10.5;256;799;9.7;64;399;12.9;512;949;1;2;19;"Female"
132;3;12.9;512;799;9.7;128;599;10.5;256;949;1;2;19;"Female"
132;4;9.7;512;949;12.9;128;799;10.5;64;599;3;1;19;"Female"
132;5;12.9;128;799;10.5;256;949;9.7;64;399;1;3;19;"Female"
133;1;10.5;256;399;12.9;512;599;9.7;64;799;1;3;55;"Male"
133;2;9.7;128;799;10.5;64;399;12.9;512;599;3;1;55;"Male"
133;3;10.5;256;399;12.9;64;799;9.7;512;599;1;2;55;"Male"
133;4;9.7;512;399;12.9;256;799;10.5;64;949;2;1;55;"Male"
133;5;12.9;64;399;9.7;512;949;10.5;256;799;3;1;55;"Male"
134;1;12.9;512;799;10.5;128;949;9.7;256;399;1;2;37;"Male"
134;2;9.7;64;399;12.9;256;599;10.5;512;949;3;1;37;"Male"
134;3;12.9;64;949;10.5;128;799;9.7;256;399;3;1;37;"Male"
134;4;9.7;512;799;12.9;128;399;10.5;256;949;2;1;37;"Male"
134;5;10.5;256;599;9.7;128;799;12.9;512;949;1;2;37;"Male"
135;1;10.5;512;599;9.7;64;799;12.9;256;399;1;2;35;"Male"
135;2;12.9;64;949;9.7;256;799;10.5;512;399;3;1;35;"Male"
135;3;10.5;128;799;9.7;256;399;12.9;64;949;2;3;35;"Male"
135;4;12.9;64;399;10.5;256;949;9.7;512;799;2;1;35;"Male"
135;5;9.7;128;399;10.5;512;599;12.9;256;799;3;1;35;"Male"
136;1;12.9;64;399;10.5;256;949;9.7;128;599;1;3;53;"Female"
136;2;9.7;256;599;12.9;128;399;10.5;512;799;2;1;53;"Female"
136;3;9.7;64;599;10.5;128;949;12.9;256;399;3;1;53;"Female"
136;4;12.9;512;399;10.5;128;599;9.7;256;949;1;3;53;"Female"
136;5;9.7;64;599;12.9;128;799;10.5;512;949;3;1;53;"Female"
137;1;10.5;512;599;12.9;64;399;9.7;128;799;1;2;24;"Male"
137;2;9.7;64;399;10.5;128;599;12.9;256;949;2;1;24;"Male"
137;3;12.9;256;949;10.5;512;599;9.7;64;399;2;3;24;"Male"
137;4;9.7;128;399;10.5;512;599;12.9;64;799;2;3;24;"Male"
137;5;12.9;128;799;10.5;64;949;9.7;256;599;3;2;24;"Male"
138;1;9.7;256;949;12.9;64;599;10.5;512;799;3;1;19;"Female"
138;2;12.9;128;799;9.7;256;949;10.5;64;599;1;3;19;"Female"
138;3;10.5;256;599;12.9;64;949;9.7;128;399;3;2;19;"Female"
138;4;12.9;256;399;10.5;128;599;9.7;64;799;1;3;19;"Female"
138;5;9.7;512;949;10.5;256;599;12.9;128;399;3;1;19;"Female"
139;1;9.7;64;399;10.5;512;599;12.9;256;949;2;3;51;"Male"
139;2;12.9;128;949;10.5;512;799;9.7;256;399;3;1;51;"Male"
139;3;10.5;256;599;12.9;512;799;9.7;64;949;2;3;51;"Male"
139;4;10.5;64;399;9.7;256;599;12.9;128;799;3;1;51;"Male"
139;5;10.5;64;399;12.9;256;599;9.7;128;949;2;3;51;"Male"
140;1;12.9;256;599;9.7;64;949;10.5;512;399;1;2;33;"Female"
140;2;9.7;256;599;12.9;512;799;10.5;128;949;2;3;33;"Female"
140;3;9.7;64;399;10.5;512;799;12.9;128;599;2;1;33;"Female"
140;4;12.9;64;949;10.5;512;399;9.7;128;799;2;1;33;"Female"
140;5;12.9;256;949;10.5;512;799;9.7;64;399;2;3;33;"Female"
141;1;12.9;256;599;10.5;128;399;9.7;512;949;2;3;52;"Male"
141;2;12.9;128;949;9.7;512;399;10.5;64;799;3;1;52;"Male"
141;3;12.9;128;399;9.7;64;599;10.5;256;799;1;2;52;"Male"
141;4;10.5;512;799;9.7;128;599;12.9;64;399;3;2;52;"Male"
141;5;9.7;512;949;10.5;64;799;12.9;128;599;3;2;52;"Male"
142;1;12.9;64;949;10.5;256;599;9.7;512;399;2;1;35;"Male"
142;2;12.9;128;399;9.7;256;599;10.5;512;799;1;2;35;"Male"
142;3;12.9;512;399;10.5;64;599;9.7;128;949;1;3;35;"Male"
142;4;12.9;64;799;10.5;512;949;9.7;128;399;2;1;35;"Male"
142;5;12.9;128;599;10.5;256;399;9.7;512;799;2;1;35;"Male"
143;1;10.5;512;399;12.9;64;949;9.7;256;599;1;2;47;"Male"
143;2;10.5;64;949;9.7;256;399;12.9;512;799;3;2;47;"Male"
143;3;12.9;512;599;9.7;64;399;10.5;256;799;1;2;47;"Male"
143;4;12.9;128;399;10.5;512;949;9.7;256;599;1;3;47;"Male"
143;5;12.9;512;599;10.5;256;799;9.7;64;399;1;2;47;"Male"
144;1;10.5;64;949;12.9;512;399;9.7;128;799;2;1;31;"Male"
144;2;9.7;256;599;12.9;512;949;10.5;64;799;1;2;31;"Male"
144;3;10.5;512;799;9.7;128;949;12.9;64;399;1;2;31;"Male"
144;4;9.7;256;399;10.5;128;599;12.9;64;799;2;3;31;"Male"
144;5;9.7;64;799;12.9;256;949;10.5;512;599;3;1;31;"Male"
145;1;10.5;64;399;9.7;256;949;12.9;512;799;1;2;27;"Male"
145;2;10.5;64;399;9.7;256;949;12.9;128;599;3;2;27;"Male"
145;3;9.7;512;399;10.5;128;949;12.9;64;599;2;3;27;"Male"
145;4;10.5;256;599;9.7;64;399;12.9;512;949;1;2;27;"Male"
145;5;9.7;256;949;10.5;512;799;12.9;128;399;3;1;27;"Male"
146;1;10.5;64;799;9.7;512;949;12.9;256;599;3;1;51;"Male"
146;2;12.9;64;799;9.7;128;399;10.5;512;949;3;1;51;"Male"
146;3;12.9;512;949;9.7;128;599;10.5;64;799;2;1;51;"Male"
146;4;12.9;64;949;10.5;256;399;9.7;512;599;2;1;51;"Male"
146;5;10.5;512;949;12.9;64;399;9.7;128;599;1;3;51;"Male"
147;1;9.7;256;599;10.5;512;949;12.9;128;399;2;1;29;"Female"
147;2;9.7;128;399;12.9;256;799;10.5;64;599;2;1;29;"Female"
147;3;10.5;256;399;12.9;512;599;9.7;64;799;1;3;29;"Female"
147;4;10.5;64;949;12.9;128;399;9.7;256;799;2;3;29;"Female"
147;5;10.5;512;399;12.9;128;799;9.7;64;949;1;3;29;"Female"
148;1;10.5;256;799;9.7;128;599;12.9;64;399;1;2;25;"Female"
148;2;12.9;256;949;10.5;128;599;9.7;512;399;1;3;25;"Female"
148;3;10.5;128;799;12.9;512;949;9.7;256;599;2;1;25;"Female"
148;4;9.7;64;799;10.5;256;599;12.9;128;399;3;1;25;"Female"
148;5;10.5;128;399;9.7;64;599;12.9;256;799;1;2;25;"Female"
149;1;12.9;512;399;10.5;128;949;9.7;64;799;1;3;31;"Male"
149;2;12.9;128;399;9.7;64;799;10.5;512;599;3;2;31;"Male"
149;3;12.9;512;399;10.5;256;949;9.7;64;799;1;3;31;"Male"
149;4;10.5;128;949;12.9;64;599;9.7;512;399;2;1;31;"Male"
149;5;10.5;512;399;9.7;128;599;12.9;256;799;1;2;31;"Male"
150;1;10.5;64;599;9.7;512;799;12.9;128;949;2;1;50;"Female"
150;2;9.7;512;799;10.5;256;399;12.9;64;949;2;3;50;"Female"
150;3;10.5;512;799;12.9;64;399;9.7;128;599;1;2;50;"Female"
150;4;12.9;64;399;9.7;128;799;10.5;256;949;3;2;50;"Female"
150;5;12.9;64;399;9.7;512;949;10.5;128;799;1;2;50;"Female"
151;1;9.7;128;399;12.9;256;949;10.5;512;599;2;1;43;"Male"
151;2;9.7;512;599;10.5;256;399;12.9;64;799;2;3;43;"Male"
151;3;9.7;64;599;12.9;256;949;10.5;512;799;2;1;43;"Male"
151;4;9.7;256;399;10.5;128;949;12.9;512;799;3;1;43;"Male"
151;5;12.9;256;599;9.7;128;399;10.5;512;799;1;3;43;"Male"
152;1;9.7;256;949;10.5;64;599;12.9;512;799;3;2;20;"Female"
152;2;12.9;128;949;10.5;64;799;9.7;512;599;2;3;20;"Female"
152;3;12.9;128;799;9.7;256;399;10.5;64;949;2;3;20;"Female"
152;4;9.7;256;949;12.9;64;799;10.5;512;399;3;1;20;"Female"
152;5;9.7;64;799;12.9;512;599;10.5;256;949;3;1;20;"Female"
153;1;10.5;128;949;12.9;256;599;9.7;64;799;1;2;35;"Male"
153;2;12.9;64;949;10.5;512;399;9.7;128;599;3;1;35;"Male"
153;3;12.9;64;799;9.7;512;399;10.5;128;949;2;1;35;"Male"
153;4;10.5;64;799;12.9;256;949;9.7;512;399;1;2;35;"Male"
153;5;12.9;512;949;9.7;256;799;10.5;64;599;1;3;35;"Male"
154;1;10.5;512;599;12.9;128;949;9.7;64;799;2;1;25;"Female"
154;2;10.5;64;799;12.9;256;399;9.7;128;599;2;1;25;"Female"
154;3;10.5;128;799;9.7;256;399;12.9;512;949;2;3;25;"Female"
154;4;10.5;64;599;9.7;512;399;12.9;256;949;2;3;25;"Female"
154;5;12.9;256;799;10.5;512;599;9.7;64;399;3;1;25;"Female"
155;1;12.9;64;599;10.5;256;799;9.7;128;949;3;2;37;"Male"
155;2;10.5;64;399;12.9;512;799;9.7;256;599;2;1;37;"Male"
155;3;9.7;256;399;10.5;128;949;12.9;64;599;3;1;37;"Male"
155;4;9.7;64;799;10.5;512;399;12.9;128;599;2;1;37;"Male"
155;5;12.9;64;799;10.5;512;599;9.7;256;399;1;3;37;"Male"
156;1;10.5;64;599;12.9;512;399;9.7;256;949;2;3;18;"Female"
156;2;12.9;128;949;10.5;256;599;9.7;512;399;3;1;18;"Female"
156;3;9.7;128;949;12.9;512;599;10.5;256;799;3;1;18;"Female"
156;4;9.7;128;799;10.5;256;399;12.9;512;949;3;1;18;"Female"
156;5;10.5;128;799;12.9;256;599;9.7;64;949;2;3;18;"Female"
157;1;9.7;64;599;10.5;256;799;12.9;512;399;1;2;50;"Male"
157;2;12.9;512;799;10.5;256;399;9.7;64;599;1;2;50;"Male"
157;3;12.9;128;799;9.7;64;399;10.5;512;949;3;2;50;"Male"
157;4;9.7;128;599;12.9;256;949;10.5;512;399;3;1;50;"Male"
157;5;12.9;64;949;10.5;256;399;9.7;512;799;1;2;50;"Male"
158;1;10.5;256;399;12.9;64;949;9.7;512;799;3;1;34;"Female"
158;2;12.9;256;949;9.7;512;399;10.5;64;599;3;1;34;"Female"
158;3;9.7;128;949;12.9;512;599;10.5;64;399;2;1;34;"Female"
158;4;9.7;128;949;12.9;512;599;10.5;256;399;2;1;34;"Female"
158;5;12.9;64;799;10.5;256;599;9.7;128;399;1;2;34;"Female"
159;1;12.9;512;799;10.5;128;599;9.7;256;399;2;3;38;"Female"
159;2;10.5;64;799;9.7;512;949;12.9;256;599;2;3;38;"Female"
159;3;9.7;64;399;12.9;512;799;10.5;128;949;2;3;38;"Female"
159;4;9.7;64;949;10.5;256;399;12.9;128;599;2;1;38;"Female"
159;5;12.9;64;599;10.5;256;399;9.7;128;949;1;3;38;"Female"
160;1;12.9;512;799;10.5;64;949;9.7;128;599;3;1;35;"Male"
160;2;10.5;128;949;9.7;256;599;12.9;512;799;3;2;35;"Male"
160;3;9.7;64;799;10.5;256;599;12.9;512;949;1;2;35;"Male"
160;4;12.9;64;949;10.5;256;799;9.7;128;599;2;1;35;"Male"
160;5;9.7;256;799;12.9;64;599;10.5;512;399;1;2;35;"Male"
161;1;12.9;64;799;10.5;512;949;9.7;256;399;3;2;19;"Female"
161;2;10.5;128;949;12.9;64;599;9.7;512;799;3;1;19;"Female"
161;3;10.5;512;799;9.7;256;949;12.9;128;599;1;2;19;"Female"
161;4;9.7;256;599;12.9;128;799;10.5;64;399;1;3;19;"Female"
161;5;10.5;64;799;12.9;512;399;9.7;128;949;2;3;19;"Female"
162;1;9.7;256;949;12.9;64;599;10.5;512;399;3;1;18;"Female"
162;2;10.5;64;599;9.7;512;799;12.9;128;949;2;1;18;"Female"
162;3;12.9;64;399;10.5;512;799;9.7;256;949;2;3;18;"Female"
162;4;10.5;256;399;9.7;64;599;12.9;128;799;2;3;18;"Female"
162;5;12.9;256;799;10.5;512;399;9.7;128;949;1;3;18;"Female"
163;1;9.7;128;799;10.5;512;949;12.9;256;399;3;1;27;"Male"
163;2;9.7;128;599;10.5;256;399;12.9;64;799;2;1;27;"Male"
163;3;9.7;512;949;12.9;128;799;10.5;256;399;3;1;27;"Male"
163;4;10.5;64;949;12.9;512;799;9.7;256;399;3;1;27;"Male"
163;5;10.5;256;799;9.7;64;399;12.9;512;949;1;3;27;"Male"
164;1;9.7;64;599;10.5;128;949;12.9;512;799;3;1;29;"Male"
164;2;10.5;512;599;9.7;128;399;12.9;64;799;1;3;29;"Male"
164;3;9.7;64;599;12.9;512;949;10.5;128;399;3;1;29;"Male"
164;4;10.5;512;399;9.7;256;799;12.9;128;599;2;3;29;"Male"
164;5;10.5;512;599;9.7;256;949;12.9;64;399;1;2;29;"Male"
165;1;10.5;64;399;9.7;128;949;12.9;512;799;1;3;52;"Female"
165;2;10.5;128;599;9.7;256;949;12.9;512;399;3;1;52;"Female"
165;3;9.7;128;599;10.5;256;949;12.9;512;399;2;1;52;"Female"
165;4;9.7;512;949;10.5;128;599;12.9;64;799;3;1;52;"Female"
165;5;9.7;128;799;10.5;64;399;12.9;512;949;3;1;52;"Female"
166;1;10.5;512;799;9.7;128;599;12.9;64;399;3;2;53;"Female"
166;2;12.9;512;949;9.7;128;799;10.5;256;599;1;2;53;"Female"
166;3;10.5;256;799;9.7;128;599;12.9;512;949;2;3;53;"Female"
166;4;10.5;64;599;12.9;256;399;9.7;128;799;2;3;53;"Female"
166;5;10.5;64;949;12.9;512;399;9.7;256;599;3;2;53;"Female"
167;1;9.7;128;799;12.9;512;949;10.5;64;599;1;3;46;"Female"
167;2;12.9;256;399;10.5;128;949;9.7;64;799;1;2;46;"Female"
167;3;12.9;128;599;9.7;64;799;10.5;256;949;3;2;46;"Female"
167;4;9.7;128;799;12.9;512;399;10.5;64;599;1;3;46;"Female"
167;5;9.7;256;399;10.5;128;599;12.9;64;799;3;1;46;"Female"
168;1;12.9;256;949;10.5;512;599;9.7;128;799;1;2;44;"Male"
168;2;12.9;512;399;10.5;128;599;9.7;64;949;1;3;44;"Male"
168;3;12.9;64;399;9.7;512;949;10.5;256;799;2;3;44;"Male"
168;4;12.9;64;399;10.5;128;949;9.7;512;599;1;3;44;"Male"
168;5;10.5;512;599;9.7;256;799;12.9;128;949;1;3;44;"Male"
169;1;12.9;128;949;10.5;256;599;9.7;512;799;2;1;44;"Male"
169;2;10.5;512;599;12.9;256;949;9.7;64;399;1;3;44;"Male"
169;3;9.7;256;949;10.5;128;599;12.9;512;799;3;2;44;"Male"
169;4;12.9;128;599;9.7;64;949;10.5;512;399;3;2;44;"Male"
169;5;10.5;256;799;9.7;512;949;12.9;128;399;3;2;44;"Male"
170;1;9.7;128;949;12.9;256;599;10.5;64;399;3;2;54;"Male"
170;2;10.5;128;599;12.9;64;949;9.7;256;799;1;3;54;"Male"
170;3;10.5;64;949;12.9;256;799;9.7;128;599;3;2;54;"Male"
170;4;10.5;64;599;12.9;256;949;9.7;512;399;1;2;54;"Male"
170;5;12.9;512;799;9.7;64;599;10.5;128;949;1;2;54;"Male"
171;1;12.9;512;799;9.7;128;949;10.5;64;399;2;3;45;"Male"
171;2;9.7;128;399;10.5;512;949;12.9;64;599;1;2;45;"Male"
171;3;9.7;128;799;10.5;256;399;12.9;512;599;2;3;45;"Male"
171;4;10.5;128;399;9.7;256;599;12.9;64;949;1;3;45;"Male"
171;5;12.9;512;399;9.7;64;599;10.5;128;799;3;2;45;"Male"
172;1;9.7;256;399;10.5;512;949;12.9;64;799;2;3;36;"Male"
172;2;9.7;128;599;10.5;256;949;12.9;64;799;2;3;36;"Male"
172;3;12.9;128;399;10.5;256;799;9.7;64;949;1;2;36;"Male"
172;4;12.9;64;599;10.5;256;799;9.7;512;949;3;2;36;"Male"
172;5;10.5;64;599;12.9;256;399;9.7;128;799;1;2;36;"Male"
173;1;12.9;256;949;10.5;512;799;9.7;64;399;1;2;37;"Male"
173;2;9.7;128;949;10.5;512;399;12.9;64;599;3;1;37;"Male"
173;3;12.9;256;799;10.5;512;599;9.7;64;399;2;3;37;"Male"
173;4;10.5;256;949;9.7;512;399;12.9;128;599;2;3;37;"Male"
173;5;12.9;512;399;9.7;256;599;10.5;128;799;1;3;37;"Male"
174;1;10.5;64;399;9.7;512;599;12.9;256;799;1;3;35;"Male"
174;2;10.5;128;599;9.7;64;799;12.9;512;949;3;2;35;"Male"
174;3;12.9;512;399;9.7;256;599;10.5;64;799;1;2;35;"Male"
174;4;10.5;256;799;12.9;128;949;9.7;64;599;1;3;35;"Male"
174;5;9.7;512;599;12.9;128;799;10.5;64;949;2;3;35;"Male"
175;1;10.5;128;599;9.7;64;799;12.9;256;399;3;2;26;"Male"
175;2;9.7;512;949;10.5;64;599;12.9;256;399;3;2;26;"Male"
175;3;9.7;64;599;10.5;256;799;12.9;128;949;2;1;26;"Male"
175;4;10.5;256;399;12.9;512;799;9.7;128;599;2;3;26;"Male"
175;5;10.5;64;399;12.9;512;949;9.7;256;799;3;1;26;"Male"
176;1;9.7;512;949;10.5;64;599;12.9;256;799;3;2;30;"Male"
176;2;10.5;256;799;12.9;64;399;9.7;512;599;3;2;30;"Male"
176;3;10.5;512;599;9.7;256;949;12.9;64;399;2;3;30;"Male"
176;4;9.7;512;799;10.5;128;399;12.9;64;949;3;2;30;"Male"
176;5;9.7;512;599;12.9;128;799;10.5;256;399;3;1;30;"Male"
177;1;10.5;256;399;9.7;512;599;12.9;128;949;1;3;46;"Female"
177;2;12.9;256;799;9.7;128;599;10.5;64;949;1;2;46;"Female"
177;3;9.7;512;399;10.5;64;599;12.9;256;799;3;2;46;"Female"
177;4;9.7;128;799;12.9;512;949;10.5;64;599;2;3;46;"Female"
177;5;10.5;512;799;12.9;128;399;9.7;64;949;2;1;46;"Female"
178;1;12.9;512;799;10.5;64;949;9.7;256;599;1;2;41;"Male"
178;2;9.7;512;799;10.5;128;599;12.9;64;949;1;2;41;"Male"
178;3;10.5;256;949;9.7;64;799;12.9;512;599;1;2;41;"Male"
178;4;12.9;128;949;10.5;64;399;9.7;512;799;3;1;41;"Male"
178;5;12.9;128;399;9.7;512;599;10.5;64;799;2;1;41;"Male"
179;1;9.7;256;799;10.5;64;399;12.9;128;949;1;2;28;"Female"
179;2;12.9;256;799;10.5;128;399;9.7;512;949;2;1;28;"Female"
179;3;9.7;128;949;10.5;64;399;12.9;256;599;3;1;28;"Female"
179;4;12.9;512;399;10.5;128;599;9.7;256;799;3;2;28;"Female"
179;5;10.5;64;399;12.9;256;799;9.7;512;599;2;1;28;"Female"
180;1;9.7;256;949;12.9;128;599;10.5;64;399;1;3;53;"Male"
180;2;9.7;512;399;10.5;128;799;12.9;64;599;1;2;53;"Male"
180;3;12.9;64;599;10.5;128;949;9.7;256;399;2;1;53;"Male"
180;4;12.9;64;399;9.7;128;799;10.5;512;949;1;2;53;"Male"
180;5;9.7;512;399;12.9;64;949;10.5;256;599;3;1;53;"Male"
181;1;12.9;256;949;10.5;512;599;9.7;64;399;1;3;34;"Male"
181;2;9.7;64;949;12.9;128;799;10.5;512;399;2;1;34;"Male"
181;3;9.7;64;949;12.9;256;799;10.5;128;399;2;1;34;"Male"
181;4;10.5;128;399;9.7;64;799;12.9;512;949;3;1;34;"Male"
181;5;12.9;128;949;10.5;256;399;9.7;64;799;3;1;34;"Male"
182;1;10.5;64;949;12.9;256;599;9.7;128;399;3;1;51;"Female"
182;2;10.5;128;599;9.7;512;949;12.9;64;399;3;1;51;"Female"
182;3;9.7;128;949;12.9;256;599;10.5;512;799;3;1;51;"Female"
182;4;9.7;256;399;12.9;128;799;10.5;512;599;2;1;51;"Female"
182;5;12.9;256;949;9.7;512;599;10.5;128;399;3;2;51;"Female"
183;1;10.5;512;949;12.9;256;799;9.7;64;399;3;1;40;"Male"
183;2;10.5;512;799;9.7;64;949;12.9;256;399;3;2;40;"Male"
183;3;10.5;512;799;12.9;128;599;9.7;256;949;1;3;40;"Male"
183;4;12.9;64;949;10.5;128;599;9.7;256;399;3;1;40;"Male"
183;5;9.7;256;399;12.9;128;799;10.5;64;599;3;2;40;"Male"
184;1;10.5;512;799;12.9;64;949;9.7;128;399;1;2;31;"Male"
184;2;12.9;64;599;9.7;256;949;10.5;512;399;1;3;31;"Male"
184;3;12.9;256;799;10.5;128;949;9.7;64;599;1;3;31;"Male"
184;4;10.5;128;399;9.7;64;599;12.9;256;799;3;2;31;"Male"
184;5;10.5;256;799;12.9;128;599;9.7;64;399;3;2;31;"Male"
185;1;12.9;64;799;10.5;512;399;9.7;128;949;2;3;28;"Male"
185;2;10.5;64;599;9.7;128;399;12.9;256;799;3;1;28;"Male"
185;3;10.5;128;799;12.9;512;399;9.7;256;949;2;3;28;"Male"
185;4;9.7;128;399;12.9;256;799;10.5;64;599;1;3;28;"Male"
185;5;9.7;512;599;10.5;64;399;12.9;128;799;1;2;28;"Male"
186;1;9.7;128;399;10.5;64;599;12.9;256;799;2;3;19;"Male"
186;2;9.7;64;599;10.5;512;399;12.9;128;799;2;1;19;"Male"
186;3;12.9;256;799;9.7;512;599;10.5;64;949;2;3;19;"Male"
186;4;10.5;64;799;9.7;128;599;12.9;256;399;3;2;19;"Male"
186;5;10.5;512;949;12.9;64;799;9.7;256;399;3;2;19;"Male"
187;1;10.5;512;799;12.9;256;599;9.7;64;949;1;2;18;"Male"
187;2;9.7;256;399;12.9;128;949;10.5;64;799;2;1;18;"Male"
187;3;12.9;512;599;10.5;128;399;9.7;256;799;1;2;18;"Male"
187;4;10.5;64;599;12.9;256;399;9.7;128;799;2;1;18;"Male"
187;5;12.9;512;399;9.7;64;799;10.5;256;599;1;2;18;"Male"
188;1;10.5;64;799;9.7;512;399;12.9;256;949;2;3;51;"Female"
188;2;12.9;256;399;10.5;128;799;9.7;512;949;1;2;51;"Female"
188;3;9.7;256;599;10.5;512;799;12.9;128;399;3;2;51;"Female"
188;4;9.7;256;949;12.9;64;799;10.5;128;599;1;2;51;"Female"
188;5;12.9;256;799;9.7;64;949;10.5;512;599;1;3;51;"Female"
189;1;9.7;64;399;10.5;256;599;12.9;128;949;1;2;22;"Male"
189;2;9.7;512;799;12.9;128;599;10.5;64;399;2;3;22;"Male"
189;3;9.7;256;599;12.9;512;949;10.5;128;799;2;3;22;"Male"
189;4;10.5;256;799;12.9;512;399;9.7;64;599;2;3;22;"Male"
189;5;10.5;512;599;9.7;64;399;12.9;128;799;1;2;22;"Male"
190;1;12.9;128;399;9.7;512;799;10.5;256;949;1;2;24;"Male"
190;2;9.7;256;599;10.5;64;799;12.9;128;399;3;1;24;"Male"
190;3;12.9;64;599;10.5;256;949;9.7;512;799;3;2;24;"Male"
190;4;12.9;64;799;9.7;256;599;10.5;512;949;3;1;24;"Male"
190;5;12.9;256;949;10.5;64;399;9.7;128;599;3;1;24;"Male"
191;1;10.5;512;399;12.9;128;599;9.7;64;799;1;3;48;"Male"
191;2;12.9;128;599;10.5;64;949;9.7;512;399;1;2;48;"Male"
191;3;10.5;64;599;9.7;256;949;12.9;512;399;3;1;48;"Male"
191;4;10.5;64;399;9.7;128;599;12.9;512;949;1;2;48;"Male"
191;5;10.5;256;399;9.7;512;949;12.9;128;599;1;3;48;"Male"
192;1;12.9;256;599;9.7;64;949;10.5;128;799;3;2;52;"Male"
192;2;9.7;512;799;10.5;128;949;12.9;64;599;1;3;52;"Male"
192;3;12.9;256;599;9.7;512;799;10.5;128;949;2;1;52;"Male"
192;4;12.9;256;949;9.7;64;799;10.5;512;399;2;3;52;"Male"
192;5;10.5;512;949;12.9;256;599;9.7;128;399;1;2;52;"Male"
193;1;12.9;512;949;9.7;256;599;10.5;128;799;1;2;50;"Male"
193;2;10.5;256;599;12.9;64;949;9.7;128;399;3;2;50;"Male"
193;3;9.7;256;399;12.9;64;799;10.5;128;949;1;2;50;"Male"
193;4;12.9;128;949;10.5;512;799;9.7;64;399;3;1;50;"Male"
193;5;10.5;256;599;12.9;128;399;9.7;64;799;2;3;50;"Male"
194;1;9.7;128;599;10.5;512;949;12.9;64;399;1;3;49;"Female"
194;2;10.5;512;799;12.9;128;599;9.7;64;949;2;3;49;"Female"
194;3;12.9;128;599;10.5;64;949;9.7;256;399;3;1;49;"Female"
194;4;9.7;128;399;12.9;512;599;10.5;256;949;1;3;49;"Female"
194;5;10.5;128;399;9.7;64;599;12.9;256;799;3;1;49;"Female"
195;1;9.7;128;799;10.5;64;949;12.9;256;599;2;1;44;"Male"
195;2;12.9;256;599;9.7;512;799;10.5;128;399;3;1;44;"Male"
195;3;12.9;256;799;9.7;128;599;10.5;512;949;1;2;44;"Male"
195;4;9.7;64;399;12.9;512;949;10.5;128;599;3;1;44;"Male"
195;5;12.9;512;949;9.7;256;599;10.5;64;399;3;1;44;"Male"
196;1;9.7;128;949;12.9;256;599;10.5;512;399;2;3;23;"Female"
196;2;10.5;128;799;9.7;512;599;12.9;64;399;3;2;23;"Female"
196;3;9.7;512;799;12.9;64;599;10.5;256;949;3;1;23;"Female"
196;4;12.9;256;799;9.7;128;399;10.5;64;599;3;1;23;"Female"
196;5;10.5;128;399;9.7;64;949;12.9;256;599;1;3;23;"Female"
197;1;10.5;128;399;12.9;64;799;9.7;512;949;3;2;55;"Male"
197;2;10.5;512;949;9.7;128;399;12.9;64;799;2;1;55;"Male"
197;3;12.9;128;799;9.7;512;599;10.5;256;399;3;1;55;"Male"
197;4;10.5;128;799;9.7;64;949;12.9;512;599;2;1;55;"Male"
197;5;9.7;256;949;10.5;64;599;12.9;128;399;3;1;55;"Male"
198;1;10.5;64;949;9.7;128;799;12.9;256;399;3;2;23;"Female"
198;2;12.9;256;599;9.7;64;399;10.5;128;949;1;2;23;"Female"
198;3;10.5;512;799;9.7;256;949;12.9;64;399;1;3;23;"Female"
198;4;12.9;128;399;10.5;64;599;9.7;512;799;1;2;23;"Female"
198;5;10.5;512;799;9.7;64;599;12.9;128;399;1;3;23;"Female"
199;1;10.5;64;399;9.7;128;599;12.9;512;949;2;1;19;"Male"
199;2;12.9;512;599;9.7;256;799;10.5;64;399;3;2;19;"Male"
199;3;9.7;64;799;12.9;128;599;10.5;512;949;2;1;19;"Male"
199;4;9.7;64;799;12.9;512;399;10.5;256;599;3;2;19;"Male"
199;5;9.7;128;799;10.5;256;949;12.9;64;599;1;2;19;"Male"
200;1;10.5;64;949;9.7;128;599;12.9;256;799;3;2;52;"Female"
200;2;12.9;512;399;10.5;128;949;9.7;64;599;2;1;52;"Female"
200;3;12.9;128;399;9.7;64;799;10.5;512;599;1;2;52;"Female"
200;4;9.7;256;599;10.5;512;799;12.9;64;949;3;1;52;"Female"
200;5;12.9;64;399;10.5;128;599;9.7;256;949;1;2;52;"Female"
201;1;9.7;128;399;12.9;256;949;10.5;512;599;2;1;41;"Male"
201;2;9.7;512;599;10.5;256;399;12.9;64;799;2;3;41;"Male"
201;3;9.7;64;599;12.9;256;949;10.5;512;799;2;1;41;"Male"
201;4;9.7;256;399;10.5;128;949;12.9;512;799;3;1;41;"Male"
201;5;12.9;256;599;9.7;128;399;10.5;512;799;1;3;41;"Male"
202;1;9.7;256;949;10.5;64;599;12.9;512;799;3;2;46;"Male"
202;2;12.9;128;949;10.5;64;799;9.7;512;599;2;3;46;"Male"
202;3;12.9;128;799;9.7;256;399;10.5;64;949;2;3;46;"Male"
202;4;9.7;256;949;12.9;64;799;10.5;512;399;3;1;46;"Male"
202;5;9.7;64;799;12.9;512;599;10.5;256;949;3;1;46;"Male"
203;1;10.5;128;949;12.9;256;599;9.7;64;799;1;2;47;"Female"
203;2;12.9;64;949;10.5;512;399;9.7;128;599;3;1;47;"Female"
203;3;12.9;64;799;9.7;512;399;10.5;128;949;2;1;47;"Female"
203;4;10.5;64;799;12.9;256;949;9.7;512;399;1;2;47;"Female"
203;5;12.9;512;949;9.7;256;799;10.5;64;599;1;3;47;"Female"
204;1;10.5;512;599;12.9;128;949;9.7;64;799;2;1;55;"Male"
204;2;10.5;64;799;12.9;256;399;9.7;128;599;2;1;55;"Male"
204;3;10.5;128;799;9.7;256;399;12.9;512;949;2;3;55;"Male"
204;4;10.5;64;599;9.7;512;399;12.9;256;949;2;3;55;"Male"
204;5;12.9;256;799;10.5;512;599;9.7;64;399;3;1;55;"Male"
205;1;12.9;64;599;10.5;256;799;9.7;128;949;3;2;53;"Male"
205;2;10.5;64;399;12.9;512;799;9.7;256;599;2;1;53;"Male"
205;3;9.7;256;399;10.5;128;949;12.9;64;599;3;1;53;"Male"
205;4;9.7;64;799;10.5;512;399;12.9;128;599;2;1;53;"Male"
205;5;12.9;64;799;10.5;512;599;9.7;256;399;1;3;53;"Male"
206;1;10.5;64;599;12.9;512;399;9.7;256;949;2;3;22;"Male"
206;2;12.9;128;949;10.5;256;599;9.7;512;399;3;1;22;"Male"
206;3;9.7;128;949;12.9;512;599;10.5;256;799;3;1;22;"Male"
206;4;9.7;128;799;10.5;256;399;12.9;512;949;3;1;22;"Male"
206;5;10.5;128;799;12.9;256;599;9.7;64;949;2;3;22;"Male"
207;1;9.7;64;599;10.5;256;799;12.9;512;399;1;2;35;"Male"
207;2;12.9;512;799;10.5;256;399;9.7;64;599;1;2;35;"Male"
207;3;12.9;128;799;9.7;64;399;10.5;512;949;3;2;35;"Male"
207;4;9.7;128;599;12.9;256;949;10.5;512;399;3;1;35;"Male"
207;5;12.9;64;949;10.5;256;399;9.7;512;799;1;2;35;"Male"
208;1;10.5;256;399;12.9;64;949;9.7;512;799;3;1;44;"Female"
208;2;12.9;256;949;9.7;512;399;10.5;64;599;3;1;44;"Female"
208;3;9.7;128;949;12.9;512;599;10.5;64;399;2;1;44;"Female"
208;4;9.7;128;949;12.9;512;599;10.5;256;399;2;1;44;"Female"
208;5;12.9;64;799;10.5;256;599;9.7;128;399;1;2;44;"Female"
209;1;12.9;512;799;10.5;128;599;9.7;256;399;2;3;27;"Male"
209;2;10.5;64;799;9.7;512;949;12.9;256;599;2;3;27;"Male"
209;3;9.7;64;399;12.9;512;799;10.5;128;949;2;3;27;"Male"
209;4;9.7;64;949;10.5;256;399;12.9;128;599;2;1;27;"Male"
209;5;12.9;64;599;10.5;256;399;9.7;128;949;1;3;27;"Male"
210;1;12.9;512;799;10.5;64;949;9.7;128;599;3;1;51;"Male"
210;2;10.5;128;949;9.7;256;599;12.9;512;799;3;2;51;"Male"
210;3;9.7;64;799;10.5;256;599;12.9;512;949;1;2;51;"Male"
210;4;12.9;64;949;10.5;256;799;9.7;128;599;2;1;51;"Male"
210;5;9.7;256;799;12.9;64;599;10.5;512;399;1;2;51;"Male"
211;1;12.9;64;799;10.5;512;949;9.7;256;399;3;2;29;"Male"
211;2;10.5;128;949;12.9;64;599;9.7;512;799;3;1;29;"Male"
211;3;10.5;512;799;9.7;256;949;12.9;128;599;1;2;29;"Male"
211;4;9.7;256;599;12.9;128;799;10.5;64;399;1;3;29;"Male"
211;5;10.5;64;799;12.9;512;399;9.7;128;949;2;3;29;"Male"
212;1;9.7;256;949;12.9;64;599;10.5;512;399;3;1;25;"Male"
212;2;10.5;64;599;9.7;512;799;12.9;128;949;2;1;25;"Male"
212;3;12.9;64;399;10.5;512;799;9.7;256;949;2;3;25;"Male"
212;4;10.5;256;399;9.7;64;599;12.9;128;799;2;3;25;"Male"
212;5;12.9;256;799;10.5;512;399;9.7;128;949;1;3;25;"Male"
213;1;9.7;128;799;10.5;512;949;12.9;256;399;3;1;46;"Male"
213;2;9.7;128;599;10.5;256;399;12.9;64;799;2;1;46;"Male"
213;3;9.7;512;949;12.9;128;799;10.5;256;399;3;1;46;"Male"
213;4;10.5;64;949;12.9;512;799;9.7;256;399;3;1;46;"Male"
213;5;10.5;256;799;9.7;64;399;12.9;512;949;1;3;46;"Male"
214;1;9.7;64;599;10.5;128;949;12.9;512;799;3;1;23;"Female"
214;2;10.5;512;599;9.7;128;399;12.9;64;799;1;3;23;"Female"
214;3;9.7;64;599;12.9;512;949;10.5;128;399;3;1;23;"Female"
214;4;10.5;512;399;9.7;256;799;12.9;128;599;2;3;23;"Female"
214;5;10.5;512;599;9.7;256;949;12.9;64;399;1;2;23;"Female"
215;1;10.5;64;399;9.7;128;949;12.9;512;799;1;3;42;"Male"
215;2;10.5;128;599;9.7;256;949;12.9;512;399;3;1;42;"Male"
215;3;9.7;128;599;10.5;256;949;12.9;512;399;2;1;42;"Male"
215;4;9.7;512;949;10.5;128;599;12.9;64;799;3;1;42;"Male"
215;5;9.7;128;799;10.5;64;399;12.9;512;949;3;1;42;"Male"
216;1;10.5;512;799;9.7;128;599;12.9;64;399;3;2;41;"Male"
216;2;12.9;512;949;9.7;128;799;10.5;256;599;1;2;41;"Male"
216;3;10.5;256;799;9.7;128;599;12.9;512;949;2;3;41;"Male"
216;4;10.5;64;599;12.9;256;399;9.7;128;799;2;3;41;"Male"
216;5;10.5;64;949;12.9;512;399;9.7;256;599;3;2;41;"Male"
217;1;9.7;128;799;12.9;512;949;10.5;64;599;1;3;19;"Male"
217;2;12.9;256;399;10.5;128;949;9.7;64;799;1;2;19;"Male"
217;3;12.9;128;599;9.7;64;799;10.5;256;949;3;2;19;"Male"
217;4;9.7;128;799;12.9;512;399;10.5;64;599;1;3;19;"Male"
217;5;9.7;256;399;10.5;128;599;12.9;64;799;3;1;19;"Male"
218;1;12.9;256;949;10.5;512;599;9.7;128;799;1;2;20;"Male"
218;2;12.9;512;399;10.5;128;599;9.7;64;949;1;3;20;"Male"
218;3;12.9;64;399;9.7;512;949;10.5;256;799;2;3;20;"Male"
218;4;12.9;64;399;10.5;128;949;9.7;512;599;1;3;20;"Male"
218;5;10.5;512;599;9.7;256;799;12.9;128;949;1;3;20;"Male"
219;1;12.9;128;949;10.5;256;599;9.7;512;799;2;1;31;"Female"
219;2;10.5;512;599;12.9;256;949;9.7;64;399;1;3;31;"Female"
219;3;9.7;256;949;10.5;128;599;12.9;512;799;3;2;31;"Female"
219;4;12.9;128;599;9.7;64;949;10.5;512;399;3;2;31;"Female"
219;5;10.5;256;799;9.7;512;949;12.9;128;399;3;2;31;"Female"
220;1;9.7;128;949;12.9;256;599;10.5;64;399;3;2;46;"Female"
220;2;10.5;128;599;12.9;64;949;9.7;256;799;1;3;46;"Female"
220;3;10.5;64;949;12.9;256;799;9.7;128;599;3;2;46;"Female"
220;4;10.5;64;599;12.9;256;949;9.7;512;399;1;2;46;"Female"
220;5;12.9;512;799;9.7;64;599;10.5;128;949;1;2;46;"Female"
221;1;12.9;512;799;9.7;128;949;10.5;64;399;2;3;50;"Male"
221;2;9.7;128;399;10.5;512;949;12.9;64;599;1;2;50;"Male"
221;3;9.7;128;799;10.5;256;399;12.9;512;599;2;3;50;"Male"
221;4;10.5;128;399;9.7;256;599;12.9;64;949;1;3;50;"Male"
221;5;12.9;512;399;9.7;64;599;10.5;128;799;3;2;50;"Male"
222;1;9.7;256;399;10.5;512;949;12.9;64;799;2;3;49;"Female"
222;2;9.7;128;599;10.5;256;949;12.9;64;799;2;3;49;"Female"
222;3;12.9;128;399;10.5;256;799;9.7;64;949;1;2;49;"Female"
222;4;12.9;64;599;10.5;256;799;9.7;512;949;3;2;49;"Female"
222;5;10.5;64;599;12.9;256;399;9.7;128;799;1;2;49;"Female"
223;1;12.9;256;949;10.5;512;799;9.7;64;399;1;2;48;"Male"
223;2;9.7;128;949;10.5;512;399;12.9;64;599;3;1;48;"Male"
223;3;12.9;256;799;10.5;512;599;9.7;64;399;2;3;48;"Male"
223;4;10.5;256;949;9.7;512;399;12.9;128;599;2;3;48;"Male"
223;5;12.9;512;399;9.7;256;599;10.5;128;799;1;3;48;"Male"
224;1;10.5;64;399;9.7;512;599;12.9;256;799;1;3;44;"Female"
224;2;10.5;128;599;9.7;64;799;12.9;512;949;3;2;44;"Female"
224;3;12.9;512;399;9.7;256;599;10.5;64;799;1;2;44;"Female"
224;4;10.5;256;799;12.9;128;949;9.7;64;599;1;3;44;"Female"
224;5;9.7;512;599;12.9;128;799;10.5;64;949;2;3;44;"Female"
225;1;10.5;128;599;9.7;64;799;12.9;256;399;3;2;49;"Female"
225;2;9.7;512;949;10.5;64;599;12.9;256;399;3;2;49;"Female"
225;3;9.7;64;599;10.5;256;799;12.9;128;949;2;1;49;"Female"
225;4;10.5;256;399;12.9;512;799;9.7;128;599;2;3;49;"Female"
225;5;10.5;64;399;12.9;512;949;9.7;256;799;3;1;49;"Female"
226;1;9.7;512;949;10.5;64;599;12.9;256;799;3;2;22;"Female"
226;2;10.5;256;799;12.9;64;399;9.7;512;599;3;2;22;"Female"
226;3;10.5;512;599;9.7;256;949;12.9;64;399;2;3;22;"Female"
226;4;9.7;512;799;10.5;128;399;12.9;64;949;3;2;22;"Female"
226;5;9.7;512;599;12.9;128;799;10.5;256;399;3;1;22;"Female"
227;1;10.5;256;399;9.7;512;599;12.9;128;949;1;3;51;"Male"
227;2;12.9;256;799;9.7;128;599;10.5;64;949;1;2;51;"Male"
227;3;9.7;512;399;10.5;64;599;12.9;256;799;3;2;51;"Male"
227;4;9.7;128;799;12.9;512;949;10.5;64;599;2;3;51;"Male"
227;5;10.5;512;799;12.9;128;399;9.7;64;949;2;1;51;"Male"
228;1;12.9;512;799;10.5;64;949;9.7;256;599;1;2;38;"Male"
228;2;9.7;512;799;10.5;128;599;12.9;64;949;1;2;38;"Male"
228;3;10.5;256;949;9.7;64;799;12.9;512;599;1;2;38;"Male"
228;4;12.9;128;949;10.5;64;399;9.7;512;799;3;1;38;"Male"
228;5;12.9;128;399;9.7;512;599;10.5;64;799;2;1;38;"Male"
229;1;9.7;256;799;10.5;64;399;12.9;128;949;1;2;48;"Female"
229;2;12.9;256;799;10.5;128;399;9.7;512;949;2;1;48;"Female"
229;3;9.7;128;949;10.5;64;399;12.9;256;599;3;1;48;"Female"
229;4;12.9;512;399;10.5;128;599;9.7;256;799;3;2;48;"Female"
229;5;10.5;64;399;12.9;256;799;9.7;512;599;2;1;48;"Female"
230;1;9.7;256;949;12.9;128;599;10.5;64;399;1;3;27;"Female"
230;2;9.7;512;399;10.5;128;799;12.9;64;599;1;2;27;"Female"
230;3;12.9;64;599;10.5;128;949;9.7;256;399;2;1;27;"Female"
230;4;12.9;64;399;9.7;128;799;10.5;512;949;1;2;27;"Female"
230;5;9.7;512;399;12.9;64;949;10.5;256;599;3;1;27;"Female"
231;1;12.9;256;949;10.5;512;599;9.7;64;399;1;3;27;"Male"
231;2;9.7;64;949;12.9;128;799;10.5;512;399;2;1;27;"Male"
231;3;9.7;64;949;12.9;256;799;10.5;128;399;2;1;27;"Male"
231;4;10.5;128;399;9.7;64;799;12.9;512;949;3;1;27;"Male"
231;5;12.9;128;949;10.5;256;399;9.7;64;799;3;1;27;"Male"
232;1;10.5;64;949;12.9;256;599;9.7;128;399;3;1;22;"Male"
232;2;10.5;128;599;9.7;512;949;12.9;64;399;3;1;22;"Male"
232;3;9.7;128;949;12.9;256;599;10.5;512;799;3;1;22;"Male"
232;4;9.7;256;399;12.9;128;799;10.5;512;599;2;1;22;"Male"
232;5;12.9;256;949;9.7;512;599;10.5;128;399;3;2;22;"Male"
233;1;10.5;512;949;12.9;256;799;9.7;64;399;3;1;31;"Female"
233;2;10.5;512;799;9.7;64;949;12.9;256;399;3;2;31;"Female"
233;3;10.5;512;799;12.9;128;599;9.7;256;949;1;3;31;"Female"
233;4;12.9;64;949;10.5;128;599;9.7;256;399;3;1;31;"Female"
233;5;9.7;256;399;12.9;128;799;10.5;64;599;3;2;31;"Female"
234;1;10.5;512;799;12.9;64;949;9.7;128;399;1;2;41;"Male"
234;2;12.9;64;599;9.7;256;949;10.5;512;399;1;3;41;"Male"
234;3;12.9;256;799;10.5;128;949;9.7;64;599;1;3;41;"Male"
234;4;10.5;128;399;9.7;64;599;12.9;256;799;3;2;41;"Male"
234;5;10.5;256;799;12.9;128;599;9.7;64;399;3;2;41;"Male"
235;1;12.9;64;799;10.5;512;399;9.7;128;949;2;3;45;"Male"
235;2;10.5;64;599;9.7;128;399;12.9;256;799;3;1;45;"Male"
235;3;10.5;128;799;12.9;512;399;9.7;256;949;2;3;45;"Male"
235;4;9.7;128;399;12.9;256;799;10.5;64;599;1;3;45;"Male"
235;5;9.7;512;599;10.5;64;399;12.9;128;799;1;2;45;"Male"
236;1;9.7;128;399;10.5;64;599;12.9;256;799;2;3;21;"Female"
236;2;9.7;64;599;10.5;512;399;12.9;128;799;2;1;21;"Female"
236;3;12.9;256;799;9.7;512;599;10.5;64;949;2;3;21;"Female"
236;4;10.5;64;799;9.7;128;599;12.9;256;399;3;2;21;"Female"
236;5;10.5;512;949;12.9;64;799;9.7;256;399;3;2;21;"Female"
237;1;10.5;512;799;12.9;256;599;9.7;64;949;1;2;38;"Male"
237;2;9.7;256;399;12.9;128;949;10.5;64;799;2;1;38;"Male"
237;3;12.9;512;599;10.5;128;399;9.7;256;799;1;2;38;"Male"
237;4;10.5;64;599;12.9;256;399;9.7;128;799;2;1;38;"Male"
237;5;12.9;512;399;9.7;64;799;10.5;256;599;1;2;38;"Male"
238;1;10.5;64;799;9.7;512;399;12.9;256;949;2;3;31;"Male"
238;2;12.9;256;399;10.5;128;799;9.7;512;949;1;2;31;"Male"
238;3;9.7;256;599;10.5;512;799;12.9;128;399;3;2;31;"Male"
238;4;9.7;256;949;12.9;64;799;10.5;128;599;1;2;31;"Male"
238;5;12.9;256;799;9.7;64;949;10.5;512;599;1;3;31;"Male"
239;1;9.7;64;399;10.5;256;599;12.9;128;949;1;2;28;"Female"
239;2;9.7;512;799;12.9;128;599;10.5;64;399;2;3;28;"Female"
239;3;9.7;256;599;12.9;512;949;10.5;128;799;2;3;28;"Female"
239;4;10.5;256;799;12.9;512;399;9.7;64;599;2;3;28;"Female"
239;5;10.5;512;599;9.7;64;399;12.9;128;799;1;2;28;"Female"
240;1;12.9;128;399;9.7;512;799;10.5;256;949;1;2;51;"Female"
240;2;9.7;256;599;10.5;64;799;12.9;128;399;3;1;51;"Female"
240;3;12.9;64;599;10.5;256;949;9.7;512;799;3;2;51;"Female"
240;4;12.9;64;799;9.7;256;599;10.5;512;949;3;1;51;"Female"
240;5;12.9;256;949;10.5;64;399;9.7;128;599;3;1;51;"Female"
241;1;10.5;512;399;12.9;128;599;9.7;64;799;1;3;41;"Male"
241;2;12.9;128;599;10.5;64;949;9.7;512;399;1;2;41;"Male"
241;3;10.5;64;599;9.7;256;949;12.9;512;399;3;1;41;"Male"
241;4;10.5;64;399;9.7;128;599;12.9;512;949;1;2;41;"Male"
241;5;10.5;256;399;9.7;512;949;12.9;128;599;1;3;41;"Male"
242;1;12.9;256;599;9.7;64;949;10.5;128;799;3;2;46;"Female"
242;2;9.7;512;799;10.5;128;949;12.9;64;599;1;3;46;"Female"
242;3;12.9;256;599;9.7;512;799;10.5;128;949;2;1;46;"Female"
242;4;12.9;256;949;9.7;64;799;10.5;512;399;2;3;46;"Female"
242;5;10.5;512;949;12.9;256;599;9.7;128;399;1;2;46;"Female"
243;1;12.9;512;949;9.7;256;599;10.5;128;799;1;2;36;"Female"
243;2;10.5;256;599;12.9;64;949;9.7;128;399;3;2;36;"Female"
243;3;9.7;256;399;12.9;64;799;10.5;128;949;1;2;36;"Female"
243;4;12.9;128;949;10.5;512;799;9.7;64;399;3;1;36;"Female"
243;5;10.5;256;599;12.9;128;399;9.7;64;799;2;3;36;"Female"
244;1;9.7;128;599;10.5;512;949;12.9;64;399;1;3;49;"Male"
244;2;10.5;512;799;12.9;128;599;9.7;64;949;2;3;49;"Male"
244;3;12.9;128;599;10.5;64;949;9.7;256;399;3;1;49;"Male"
244;4;9.7;128;399;12.9;512;599;10.5;256;949;1;3;49;"Male"
244;5;10.5;128;399;9.7;64;599;12.9;256;799;3;1;49;"Male"
245;1;9.7;128;799;10.5;64;949;12.9;256;599;2;1;44;"Male"
245;2;12.9;256;599;9.7;512;799;10.5;128;399;3;1;44;"Male"
245;3;12.9;256;799;9.7;128;599;10.5;512;949;1;2;44;"Male"
245;4;9.7;64;399;12.9;512;949;10.5;128;599;3;1;44;"Male"
245;5;12.9;512;949;9.7;256;599;10.5;64;399;3;1;44;"Male"
246;1;9.7;128;949;12.9;256;599;10.5;512;399;2;3;49;"Female"
246;2;10.5;128;799;9.7;512;599;12.9;64;399;3;2;49;"Female"
246;3;9.7;512;799;12.9;64;599;10.5;256;949;3;1;49;"Female"
246;4;12.9;256;799;9.7;128;399;10.5;64;599;3;1;49;"Female"
246;5;10.5;128;399;9.7;64;949;12.9;256;599;1;3;49;"Female"
247;1;10.5;128;399;12.9;64;799;9.7;512;949;3;2;51;"Male"
247;2;10.5;512;949;9.7;128;399;12.9;64;799;2;1;51;"Male"
247;3;12.9;128;799;9.7;512;599;10.5;256;399;3;1;51;"Male"
247;4;10.5;128;799;9.7;64;949;12.9;512;599;2;1;51;"Male"
247;5;9.7;256;949;10.5;64;599;12.9;128;399;3;1;51;"Male"
248;1;10.5;64;949;9.7;128;799;12.9;256;399;3;2;20;"Male"
248;2;12.9;256;599;9.7;64;399;10.5;128;949;1;2;20;"Male"
248;3;10.5;512;799;9.7;256;949;12.9;64;399;1;3;20;"Male"
248;4;12.9;128;399;10.5;64;599;9.7;512;799;1;2;20;"Male"
248;5;10.5;512;799;9.7;64;599;12.9;128;399;1;3;20;"Male"
249;1;10.5;64;399;9.7;128;599;12.9;512;949;2;1;22;"Male"
249;2;12.9;512;599;9.7;256;799;10.5;64;399;3;2;22;"Male"
249;3;9.7;64;799;12.9;128;599;10.5;512;949;2;1;22;"Male"
249;4;9.7;64;799;12.9;512;399;10.5;256;599;3;2;22;"Male"
249;5;9.7;128;799;10.5;256;949;12.9;64;599;1;2;22;"Male"
250;1;10.5;64;949;9.7;128;599;12.9;256;799;3;2;51;"Male"
250;2;12.9;512;399;10.5;128;949;9.7;64;599;2;1;51;"Male"
250;3;12.9;128;399;9.7;64;799;10.5;512;599;1;2;51;"Male"
250;4;9.7;256;599;10.5;512;799;12.9;64;949;3;1;51;"Male"
250;5;12.9;64;399;10.5;128;599;9.7;256;949;1;2;51;"Male"
